Unnamed: 0,County_Name,State_Name,Civilian employed population 16 years and over_2010,"Agriculture, forestry, fishing and hunting, and mining_2010",Construction_2010,Manufacturing_2010,Wholesale trade_2010,Retail trade_2010,"Transportation and warehousing, and utilities_2010",Information_2010,"Finance and insurance, and real estate and rental and leasing_2010","Professional, scientific, and management, and administrative and waste management services_2010","Educational services, and health care and social assistance_2010","Arts, entertainment, and recreation, and accommodation and food services_2010","Other services, except public administration_2010",Public administration_2010,Industry_2010,2010_Median_AQI,2010_Binning
21,Pima County, Arizona,"412,292","3,711","23,958","29,763","5,998","51,249","13,845","7,694","20,419","50,655","107,016","46,766","24,140","27,078",7.40%,49,2
327,Bernalillo County, New Mexico,"313,133","2,402","22,197","14,327","7,556","38,113","11,667","6,814","14,235","42,501","79,301","34,732","12,892","26,396",7.50%,57,3
576,Pierce County, Washington,"344,597","1,805","26,163","32,204","11,411","45,296","18,649","6,231","19,553","29,824","78,096","31,707","18,035","25,623",5.20%,40,2
553,Arlington County, Virginia,"132,893",128,"6,045","2,856","1,214","8,164","2,506","3,691","7,661","32,569","23,591","10,137","10,638","23,693",5.10%,42,2
580,Thurston County, Washington,"110,855","2,692","7,035","5,880","2,906","10,960","4,367","1,650","4,986","9,013","23,534","7,578","6,572","23,682",4.40%,25,1
522,El Paso County, Texas,"304,833","2,587","20,692","21,922","8,040","40,150","20,144","9,301","13,717","29,620","74,740","25,755","14,819","23,346",5.30%,54,3
131,DeKalb County, Georgia,"317,645",336,"20,388","18,296","9,081","31,876","17,854","12,088","22,229","46,440","70,937","30,979","16,209","20,932",7.10%,55,3
108,Leon County, Florida,"127,337",591,"5,660","3,693","1,946","12,511","2,889","1,280","8,079","13,957","34,973","14,401","6,442","20,915",10.20%,47,2
339,Erie County, New York,"427,523","1,290","17,979","45,232","12,971","51,420","19,075","7,287","33,273","41,147","121,163","36,530","20,037","20,119",6.60%,45,2
333,Albany County, New York,"152,948",490,"5,607","7,129","3,344","16,951","6,140","3,992","11,472","15,235","44,276","13,363","6,583","18,366",6.00%,40,2
187,Marion County, Indiana,"413,741",935,"17,823","50,828","12,573","53,163","24,818","7,224","28,445","44,070","89,374","47,405","18,766","18,317",4.40%,60,3
77,El Paso County, Colorado,"275,722","1,220","18,952","20,234","4,168","32,550","11,020","7,168","16,748","37,261","60,661","30,805","16,665","18,270",5.70%,45,2
246,Suffolk County, Massachusetts,"364,771",566,"15,045","18,708","8,183","31,148","12,792","10,944","33,988","52,496","102,567","44,532","16,983","16,819",9.90%,46,2
315,Essex County, New Jersey,"344,146",839,"19,412","21,063","8,192","33,180","24,477","11,875","31,756","44,064","89,318","25,779","17,380","16,811",11.30%,41,2
290,Jackson County, Missouri,"317,318",949,"18,028","27,921","10,226","33,326","16,084","9,531","26,880","39,422","69,977","31,718","16,466","16,790",5.50%,47,2
321,Monmouth County, New Jersey,"305,172","1,043","16,060","20,781","10,399","33,644","14,981","13,058","33,142","39,280","70,468","24,158","11,999","16,159",5.00%,34,2
231,Charles County, Maryland,"72,817",97,"5,693","2,066",813,"6,835","3,979","1,309","3,408","11,771","12,085","4,878","4,355","15,528",5.80%,47,2
491,Richland County, South Carolina,"172,686",543,"9,214","11,214","3,482","20,011","6,954","4,588","13,910","17,698","44,105","17,604","8,011","15,352",5.20%,47,2
65,Solano County, California,"180,913","3,036","10,186","17,511","5,070","18,728","11,855","3,880","13,646","14,521","39,419","20,652","7,121","15,288",5.50%,39,2
117,Pinellas County, Florida,"409,011","1,619","24,276","33,853","11,589","56,772","15,679","8,175","36,833","52,263","89,674","41,297","21,784","15,197",8.70%,45,2
170,Sangamon County, Illinois,"97,607",936,"4,580","3,950","2,328","10,534","4,788","1,838","7,075","8,069","25,198","7,414","5,775","15,122",10.80%,37,2
499,Davidson County, Tennessee,"303,923","1,007","19,621","19,955","7,549","38,244","11,799","9,415","19,974","30,115","77,468","37,083","16,588","15,105",5.30%,50,2
78,Jefferson County, Colorado,"271,398","3,429","21,404","21,822","8,518","30,167","11,173","8,999","20,886","41,132","52,008","23,555","13,278","15,027",7.00%,46,2
354,Richmond County, New York,"199,327",198,"14,859","6,854","2,885","20,115","13,274","5,690","21,756","19,756","57,897","11,295","9,892","14,856",8.00%,42,2
319,Mercer County, New Jersey,"175,496","1,041","6,524","16,492","4,788","15,887","7,626","4,102","15,125","22,924","45,499","12,747","7,923","14,818",7.10%,44,2
129,Cobb County, Georgia,"340,191",857,"24,548","23,843","13,697","39,948","16,334","12,480","27,373","55,690","65,729","28,195","16,841","14,656",10.00%,50,2
60,San Mateo County, California,"362,295","2,788","21,010","26,993","9,701","33,553","20,839","10,566","29,568","59,578","79,507","33,464","20,337","14,391",6.40%,35,2
591,Dane County, Wisconsin,"270,763","2,936","12,827","25,060","7,965","23,630","8,753","5,618","21,298","33,205","77,748","26,487","10,849","14,387",4.70%,48,2
547,Davis County, Utah,"135,508",670,"6,953","14,171","3,320","15,306","6,391","2,522","10,055","17,186","29,384","8,674","6,511","14,365",4.90%,40,2
96,Brevard County, Florida,"227,358",771,"15,981","27,933","3,896","29,433","7,933","3,202","12,310","30,740","47,476","22,761","10,757","14,165",10.70%,43,2
323,Ocean County, New Jersey,"240,290",813,"18,437","15,388","7,462","32,590","13,194","5,708","14,989","22,030","61,378","22,428","11,712","14,161",5.70%,43,2
560,Loudoun County, Virginia,"169,495","1,093","7,187","6,832","2,167","17,995","5,821","7,608","11,108","46,219","27,998","13,215","8,230","14,022",6.30%,41,2
564,Stafford County, Virginia,"61,500",338,"3,800","1,889",705,"5,957","2,181","1,033","2,883","8,488","12,244","4,504","3,541","13,937",6.90%,46,2
554,Chesterfield County, Virginia,"153,477",537,"10,076","13,200","4,638","18,732","7,249","2,368","15,406","16,214","35,219","9,026","6,988","13,824",7.40%,45,2
240,Essex County, Massachusetts,"364,731","1,856","16,764","40,285","9,575","42,144","14,922","10,194","26,697","45,013","95,513","32,267","15,716","13,785",6.40%,40,2
440,Multnomah County, Oregon,"359,931","3,409","16,354","36,153","10,562","38,940","16,742","10,247","22,367","44,331","89,307","39,111","18,791","13,617",4.00%,32,2
233,Harford County, Maryland,"122,596",644,"9,367","10,255","3,628","14,900","4,757","2,843","7,954","15,289","29,082","5,830","4,790","13,257",6.70%,49,2
416,Montgomery County, Ohio,"231,879",324,"11,005","26,986","5,474","28,750","10,211","6,414","13,058","23,130","61,591","22,357","9,413","13,166",5.60%,54,3
325,Union County, New Jersey,"255,497",177,"17,557","24,870","10,869","25,990","18,211","7,394","21,793","29,021","53,596","19,342","13,531","13,146",10.20%,48,2
138,Gwinnett County, Georgia,"382,362",683,"31,583","33,340","17,197","52,365","16,512","12,982","29,858","49,934","68,641","31,376","24,746","13,145",8.50%,47,2
5,Jefferson County, Alabama,"289,454","1,761","17,682","27,091","8,859","34,024","14,727","8,309","25,021","29,164","67,630","26,357","15,828","13,001",6.90%,59,3
406,Hamilton County, Ohio,"367,321",90,"16,255","43,665","10,360","44,451","14,392","7,108","26,333","43,316","95,001","37,319","16,109","12,922",6.30%,67,3
245,Plymouth County, Massachusetts,"238,446","1,135","16,692","17,572","7,790","30,781","9,623","4,894","21,972","24,107","61,657","19,147","10,219","12,857",5.90%,30,1
455,Dauphin County, Pennsylvania,"129,444",948,"7,709","11,410","4,473","13,709","8,141","1,500","10,587","12,614","30,134","11,069","4,318","12,832",5.90%,47,2
9,Montgomery County, Alabama,"99,081",535,"3,959","9,332","2,467","11,904","3,929",833,"5,802","9,252","20,680","10,844","6,779","12,765",6.10%,50,2
7,Madison County, Alabama,"156,411",569,"9,917","18,415","2,697","15,082","4,612","4,594","7,674","28,194","31,686","12,588","7,637","12,746",7.10%,44,2
232,Frederick County, Maryland,"122,171",766,"10,370","7,113","3,405","10,202","4,240","3,225","10,329","21,366","25,428","7,598","5,460","12,669",4.80%,49,2
92,New Castle County, Delaware,"261,666",966,"15,127","24,041","6,152","26,941","11,990","4,344","38,004","26,851","63,103","21,622","9,908","12,617",4.90%,50,2
244,Norfolk County, Massachusetts,"340,104",262,"16,370","24,118","7,921","38,855","11,599","9,177","37,195","49,794","95,399","22,591","14,304","12,519",6.80%,36,2
29,Pulaski County, Arkansas,"177,729",929,"8,180","12,574","4,541","17,538","9,592","4,261","11,816","17,717","51,634","17,720","8,759","12,468",5.20%,55,3
73,Arapahoe County, Colorado,"290,348","2,512","20,615","15,962","8,620","36,778","15,851","11,832","26,986","38,911","56,572","29,666","13,614","12,429",5.60%,47,2
317,Hudson County, New Jersey,"312,480",88,"17,452","25,036","12,919","31,641","24,887","10,909","34,463","42,737","60,295","23,187","16,461","12,405",8.20%,45,2
425,Cleveland County, Oklahoma,"122,363","2,429","7,759","7,817","1,886","14,464","4,654","2,339","7,628","10,028","32,341","11,460","7,410","12,148",4.50%,45,2
152,Ada County, Idaho,"185,843","2,671","10,568","17,914","5,201","22,354","7,739","4,368","12,829","24,442","40,100","18,693","6,920","12,044",11.30%,49,2
475,Providence County, Rhode Island,"279,266",297,"11,888","36,307","8,819","36,297","9,960","5,827","19,035","25,109","73,275","28,482","12,004","11,966",6.50%,40,2
22,Pinal County, Arizona,"132,869","2,521","12,261","9,604","2,841","19,050","7,142","2,628","8,077","13,423","26,202","10,872","6,350","11,898",8.80%,69,3
171,Will County, Illinois,"311,382","1,172","17,860","36,319","10,641","39,959","25,657","6,617","22,509","34,111","66,771","23,944","13,966","11,856",5.80%,38,2
370,Cumberland County, North Carolina,"118,665","1,067","7,687","8,116","1,915","14,756","5,028","1,406","4,081","9,828","34,486","11,613","6,835","11,847",6.80%,48,2
75,Denver County, Colorado,"301,802","2,992","20,879","18,646","8,827","27,807","10,990","11,353","23,986","51,414","60,833","36,967","15,328","11,780",7.10%,49,2
454,Cumberland County, Pennsylvania,"119,635","1,251","6,568","9,523","4,274","15,038","6,520","1,295","9,874","11,701","27,464","9,050","5,448","11,629",4.20%,54,3
52,Placer County, California,"151,654",726,"11,286","10,868","3,886","21,120","8,420","2,908","13,411","18,506","31,845","11,222","6,180","11,276",3.40%,50,2
349,Orange County, New York,"166,479","2,216","11,649","12,314","6,266","21,603","9,230","3,832","9,425","14,725","46,585","11,861","5,515","11,258",9.00%,40,2
574,Kitsap County, Washington,"105,492",637,"7,632","11,513",545,"12,752","4,494","2,393","5,245","10,334","23,781","9,607","5,668","10,891",3.50%,18,1
551,Weber County, Utah,"105,540",713,"5,691","17,392","3,959","14,144","2,932","1,694","4,623","9,325","22,541","7,768","3,966","10,792",4.40%,49,2
313,Camden County, New Jersey,"238,746",473,"12,733","16,372","7,763","28,212","13,560","4,424","16,998","28,238","68,154","19,928","11,225","10,666",7.00%,45,2
118,Polk County, Florida,"237,723","4,728","17,511","15,902","9,638","34,134","13,751","2,989","13,822","21,810","51,154","32,942","8,759","10,583",7.20%,44,2
270,Ramsey County, Minnesota,"251,582","1,556","8,281","30,752","7,308","27,690","8,942","6,262","19,148","29,852","69,093","20,579","11,662","10,457",7.60%,38,2
579,Spokane County, Washington,"210,995","1,283","11,480","17,751","8,057","27,001","10,771","3,991","13,543","20,869","57,408","18,243","10,145","10,453",5.30%,38,2
343,Monroe County, New York,"344,863","1,119","14,301","43,764","7,425","39,940","12,681","8,427","19,513","36,742","111,671","24,663","14,166","10,451",6.40%,38,2
107,Lee County, Florida,"233,140","2,520","18,232","7,758","4,747","36,523","13,021","4,328","15,500","29,322","45,397","31,630","13,745","10,417",9.30%,41,2
72,Adams County, Colorado,"205,967","3,008","21,591","17,921","9,694","23,658","15,549","5,678","12,909","24,597","30,710","18,867","11,488","10,297",6.40%,43,2
303,Washoe County, Nevada,"193,408","1,519","10,432","10,983","7,021","26,127","9,791","3,511","11,635","20,824","38,583","34,314","8,508","10,160",5.60%,47,2
239,Bristol County, Massachusetts,"255,481",944,"18,037","26,588","10,988","35,247","10,316","4,415","15,246","22,926","67,287","21,234","12,292","9,961",5.20%,39,2
278,Hinds County, Mississippi,"103,265",943,"6,520","6,705","2,237","10,935","6,029","3,068","5,022","7,023","28,541","10,329","5,985","9,928",8.70%,46,2
216,Jefferson County, Kentucky,"341,851",21,"14,235","35,256","10,614","35,956","25,353","11,131","27,397","34,655","84,923","34,351","18,040","9,919",5.10%,44,2
449,Bucks County, Pennsylvania,"318,956",825,"20,568","38,083","10,065","43,713","12,667","6,685","22,448","37,907","76,720","25,541","13,820","9,914",4.50%,47,2
487,Lexington County, South Carolina,"126,322","2,302","8,297","12,256","4,305","15,717","6,176","1,660","9,775","11,217","29,119","9,469","6,183","9,846",4.90%,46,2
516,Cameron County, Texas,"142,057","3,544","11,428","6,469","3,182","15,396","7,922","3,609","4,256","11,143","42,816","13,255","9,285","9,752",5.80%,42,2
559,Henrico County, Virginia,"153,357",72,"7,112","10,400","4,453","17,700","6,267","2,183","22,797","21,970","31,471","12,998","6,205","9,729",6.70%,45,2
241,Hampden County, Massachusetts,"199,800","1,214","10,321","25,245","5,141","22,886","10,122","4,545","13,515","14,123","57,321","15,840","9,837","9,690",6.00%,42,2
347,Oneida County, New York,"101,109","1,309","5,170","10,917","1,851","10,960","3,570","1,829","8,128","6,714","29,838","7,750","3,509","9,564",6.40%,33,2
481,Charleston County, South Carolina,"166,893","1,130","11,658","10,606","3,693","19,761","7,935","4,608","9,211","22,060","37,293","21,054","8,380","9,504",11.10%,44,2
206,Sedgwick County, Kansas,"233,995","2,077","15,153","44,527","7,432","25,753","9,645","4,078","11,894","18,691","53,526","21,813","9,909","9,497",4.10%,44,2
253,Ingham County, Michigan,"127,740","1,500","4,354","12,674","1,788","13,882","4,290","3,447","8,149","10,860","38,559","12,654","6,133","9,450",4.90%,40,2
473,York County, Pennsylvania,"215,887","2,060","16,491","37,638","6,398","26,091","11,001","3,047","10,571","19,429","47,540","15,515","10,705","9,401",4.90%,50,2
184,Lake County, Indiana,"206,980",825,"12,753","32,198","4,450","23,483","14,589","3,957","9,939","14,060","49,918","19,997","11,593","9,218",6.70%,63,3
442,Washington County, Oregon,"255,515","4,060","12,792","42,361","8,099","30,273","8,776","4,955","21,608","30,207","51,314","19,217","12,665","9,188",4.10%,30,1
545,Webb County, Texas,"99,263","2,685","6,173","2,679","4,164","12,304","12,232",327,"4,107","8,674","22,636","8,214","5,971","9,097",4.30%,40,2
348,Onondaga County, New York,"220,285","1,283","9,325","17,806","6,350","24,936","11,601","5,126","15,178","21,421","66,003","19,550","12,827","8,879",7.80%,33,2
124,Volusia County, Florida,"193,104","2,847","14,355","11,296","5,657","31,528","8,377","4,601","12,819","19,524","40,719","20,559","12,015","8,807",11.00%,41,2
322,Morris County, New Jersey,"242,762",605,"13,025","29,462","8,531","24,489","11,615","10,352","26,164","33,295","55,177","12,728","8,589","8,730",4.80%,38,2
116,Pasco County, Florida,"184,267","1,034","12,874","9,888","4,902","28,796","9,462","3,403","15,615","18,859","41,329","19,380","9,999","8,726",7.50%,39,2
300,Lancaster County, Nebraska,"151,319","1,668","8,964","13,002","3,872","17,238","6,030","3,549","13,382","13,725","40,424","13,840","6,899","8,726",3.30%,29,1
519,Denton County, Texas,"348,902","4,195","16,422","32,115","11,161","40,634","18,865","11,957","37,025","47,079","72,276","30,318","18,198","8,657",3.80%,44,2
536,Nueces County, Texas,"148,320","3,925","9,803","8,384","3,754","19,530","8,655","2,300","7,881","12,860","39,186","15,680","7,728","8,634",5.00%,42,2
431,Tulsa County, Oklahoma,"284,180","3,961","18,892","32,579","9,395","32,504","14,437","9,696","19,728","29,988","61,899","28,613","13,866","8,622",7.00%,54,3
456,Delaware County, Pennsylvania,"265,831",932,"14,480","22,333","5,459","26,050","13,653","6,174","22,735","29,857","80,923","21,599","13,044","8,592",10.60%,51,3
207,Shawnee County, Kansas,"83,890",616,"3,967","5,455","1,871","12,886","3,917","1,550","5,682","7,919","19,613","7,324","4,498","8,592",3.00%,40,2
420,Summit County, Ohio,"249,952",810,"11,149","36,528","8,520","30,411","11,143","4,102","19,316","23,560","61,816","21,761","12,523","8,313",3.70%,58,3
568,Clark County, Washington,"182,659","1,069","13,707","22,481","6,125","22,971","14,271","4,405","11,997","18,793","37,554","12,300","8,715","8,271",5.00%,28,1
586,Kanawha County, West Virginia,"88,143","2,674","4,268","4,099","3,376","11,046","4,107","2,154","4,887","7,575","22,116","9,401","4,213","8,227",7.00%,41,2
91,Kent County, Delaware,"68,808","1,178","4,514","5,322",827,"10,327","3,305","1,476","4,064","3,544","16,898","6,584","2,804","7,965",7.70%,43,2
331,Santa Fe County, New Mexico,"66,852","1,106","4,745","1,317","1,410","8,038","1,967",985,"3,446","9,610","12,996","9,707","3,562","7,963",6.40%,44,2
267,Dakota County, Minnesota,"208,891","1,460","9,189","24,685","7,376","25,646","12,564","5,657","21,667","23,582","44,479","14,901","9,820","7,865",5.10%,37,2
203,Johnson County, Kansas,"290,308","1,749","13,489","23,445","11,660","33,595","10,715","12,121","29,022","44,028","65,263","23,949","13,455","7,817",3.80%,40,2
126,Chatham County, Georgia,"117,204",483,"7,260","9,526","3,212","15,173","6,553","1,837","5,887","11,289","28,590","13,273","6,434","7,687",7.00%,43,2
356,Saratoga County, New York,"112,618",361,"6,916","9,141","2,930","14,121","3,774","2,176","8,344","12,060","29,309","10,840","5,022","7,624",4.00%,35,2
463,Luzerne County, Pennsylvania,"142,502","1,017","6,521","18,953","5,246","20,031","9,319","2,346","7,743","11,345","35,853","11,524","5,017","7,587",5.50%,29,1
71,Yolo County, California,"86,907","4,109","4,282","3,611","1,763","8,673","3,474","2,040","4,140","8,727","27,357","7,185","3,995","7,551",4.50%,38,2
306,Hillsborough County, New Hampshire,"210,628","1,340","14,004","33,246","6,283","25,159","8,852","4,029","15,618","24,583","49,022","13,347","7,611","7,534",5.20%,39,2
140,Henry County, Georgia,"91,762",582,"3,574","7,499","3,239","11,987","11,447","2,641","6,372","6,820","18,912","7,121","4,279","7,289",10.90%,46,2
162,Kane County, Illinois,"239,955","1,616","14,741","38,409","9,128","29,522","14,197","5,175","16,996","29,633","46,599","18,146","8,569","7,224",6.00%,36,2
79,Larimer County, Colorado,"151,483","2,557","9,431","15,746","3,890","17,112","4,579","2,727","9,581","17,005","39,658","14,091","7,926","7,180",6.10%,51,3
95,Bay County, Florida,"75,029",317,"5,332","3,872",930,"11,004","3,363",880,"4,385","8,307","15,341","9,430","4,719","7,149",11.20%,43,2
59,San Luis Obispo County, California,"116,949","4,759","9,382","7,791","2,074","15,981","4,301","3,772","4,372","13,269","25,458","13,722","5,053","7,015",3.90%,51,3
549,Utah County, Utah,"213,455","4,005","11,252","21,453","4,933","27,748","6,265","5,476","12,660","27,976","58,832","16,072","9,814","6,969",5.70%,49,2
405,Greene County, Ohio,"70,013","1,401","2,655","7,078","1,748","8,119","2,993","1,359","4,257","7,450","18,016","5,193","2,797","6,947",5.40%,51,3
88,New London County, Connecticut,"133,119",339,"7,269","15,809","2,644","15,000","5,472","2,033","5,148","12,439","31,296","22,490","6,244","6,936",6.40%,37,2
338,Dutchess County, New York,"141,561","1,009","11,245","11,419","2,787","15,522","5,712","3,704","9,043","13,663","43,157","11,512","5,860","6,928",5.30%,34,2
36,El Dorado County, California,"78,614",856,"6,080","5,394","1,437","8,111","2,582","1,491","5,857","10,867","14,943","10,163","3,971","6,862",3.30%,42,2
299,Douglas County, Nebraska,"266,557","1,758","14,446","22,006","7,133","32,352","13,054","7,410","28,532","32,266","65,364","24,080","11,347","6,809",5.10%,47,2
324,Passaic County, New Jersey,"223,928",106,"12,406","30,737","9,361","27,233","10,168","5,816","17,055","25,463","50,431","16,915","11,461","6,776",6.90%,40,2
611,Laramie County, Wyoming,"43,950","1,669","2,907","1,870",758,"4,874","2,209",942,"1,385","3,218","9,765","5,302","2,311","6,740",6.50%,19,1
8,Mobile County, Alabama,"170,552","2,025","10,788","21,036","5,355","22,541","9,296","2,413","8,469","17,946","38,617","17,012","8,326","6,728",5.80%,40,2
412,Lucas County, Ohio,"193,662",528,"8,059","26,569","5,539","22,673","11,391","2,892","9,846","18,235","51,170","20,140","9,904","6,716",4.70%,46,2
102,Escambia County, Florida,"114,076",414,"7,084","5,616","2,562","14,435","5,886","1,758","7,757","12,828","30,485","12,098","6,465","6,688",8.70%,46,2
523,Galveston County, Texas,"139,605","2,072","12,165","15,152","3,492","11,808","8,910","2,310","9,593","15,530","32,418","13,625","5,902","6,628",7.50%,39,2
377,Johnston County, North Carolina,"77,471",827,"6,849","9,131","3,297","9,889","3,746","1,472","5,545","7,151","14,736","5,028","3,211","6,589",4.40%,46,2
501,Knox County, Tennessee,"202,584","1,053","14,186","15,422","8,072","27,969","8,359","4,973","11,654","26,239","50,341","15,979","11,804","6,533",4.30%,44,2
459,Lackawanna County, Pennsylvania,"96,839",396,"4,485","10,634","3,421","10,995","4,126","1,707","6,122","6,630","29,419","7,331","5,042","6,531",4.30%,40,2
277,Harrison County, Mississippi,"82,465",787,"5,699","5,115","1,305","9,428","3,678","1,905","4,807","5,979","17,022","15,745","4,477","6,518",5.50%,47,2
76,Douglas County, Colorado,"147,755","1,621","9,417","10,973","3,361","17,379","5,386","9,439","18,094","22,649","26,432","9,757","6,824","6,423",3.50%,45,2
515,Brazoria County, Texas,"143,049","3,314","13,758","18,032","4,932","14,743","8,227","2,308","6,733","15,364","34,735","8,339","6,193","6,371",6.20%,36,2
273,Washington County, Minnesota,"125,512",755,"5,843","17,379","2,936","14,608","5,446","3,530","14,726","11,540","27,563","10,059","4,781","6,346",3.70%,40,2
123,Seminole County, Florida,"199,357","1,186","10,789","12,118","7,198","26,912","8,676","6,242","18,559","28,423","43,040","19,359","10,510","6,345",10.20%,38,2
121,Santa Rosa County, Florida,"63,600",669,"3,829","3,531","1,651","9,654","2,292","1,841","4,252","8,043","12,264","7,051","2,227","6,296",7.50%,45,2
375,Guilford County, North Carolina,"224,194",722,"11,536","28,502","9,802","27,005","9,627","4,682","16,934","22,658","52,433","22,962","11,039","6,292",5.80%,48,2
432,Clackamas County, Oregon,"174,392","3,991","13,533","20,711","7,586","21,493","9,137","2,559","14,675","18,850","33,954","12,856","8,761","6,286",4.60%,26,1
229,Carroll County, Maryland,"88,602",555,"8,805","6,660","2,524","11,631","2,576","2,498","5,619","9,839","21,387","5,190","5,063","6,255",4.50%,46,2
397,Butler County, Ohio,"170,645",925,"7,488","29,696","5,411","20,642","7,990","2,018","11,222","17,735","39,673","15,392","6,237","6,216",7.60%,48,2
39,Imperial County, California,"56,573","3,990","3,733","3,828","1,835","5,957","4,539",891,"2,344","3,515","13,273","3,756","2,722","6,190",5.40%,53,3
472,Westmoreland County, Pennsylvania,"167,264","1,068","10,009","22,305","6,508","21,512","11,069","2,631","7,741","14,426","42,758","12,021","9,100","6,116",5.00%,52,3
128,Clayton County, Georgia,"107,789",612,"8,510","7,899","2,320","13,593","13,501","2,489","5,925","12,046","17,725","11,604","5,462","6,103",16.30%,53,3
255,Kent County, Michigan,"277,457","2,494","13,628","48,529","12,263","32,505","9,398","5,422","18,012","28,967","62,440","23,825","13,908","6,066",5.10%,36,2
310,Atlantic County, New Jersey,"126,545",600,"6,973","4,574","2,577","13,827","5,374","1,590","7,248","9,414","27,902","35,127","5,395","5,944",5.80%,41,2
106,Lake County, Florida,"117,196","1,803","6,459","7,678","2,931","14,260","6,094","2,095","8,497","12,018","27,004","18,010","4,423","5,924",10.40%,41,2
252,Genesee County, Michigan,"151,813",639,"6,470","20,881","4,109","21,814","7,601","1,318","7,935","12,208","39,334","15,324","8,328","5,852",8.00%,43,2
437,Lane County, Oregon,"155,311","3,127","9,152","14,376","6,423","16,722","5,242","2,334","8,969","14,626","44,941","14,497","9,053","5,849",4.80%,38,2
120,St. Lucie County, Florida,"108,310","1,716","7,015","6,754","3,198","19,292","6,198","1,740","5,829","9,543","24,687","10,655","5,843","5,840",11.70%,39,2
484,Greenville County, South Carolina,"205,346",750,"14,704","31,765","8,711","21,177","6,411","3,987","11,544","24,432","42,950","22,735","10,370","5,810",7.20%,51,3
411,Lorain County, Ohio,"135,796",568,"8,176","24,257","3,403","14,513","6,537","3,265","6,784","12,307","32,596","11,385","6,211","5,794",5.20%,49,2
110,Marion County, Florida,"113,661","4,864","9,414","6,790","3,381","15,439","4,580","1,988","6,690","11,959","25,333","12,238","5,246","5,739",7.00%,42,2
504,Montgomery County, Tennessee,"69,666",125,"4,333","8,612","1,526","9,561","4,213",939,"3,320","6,432","16,018","6,119","2,731","5,737",6.50%,48,2
109,Manatee County, Florida,"127,401","1,621","7,251","9,729","3,255","19,905","5,182","1,420","9,369","14,682","28,038","14,671","6,588","5,690",8.90%,37,2
122,Sarasota County, Florida,"146,867",594,"13,558","6,377","2,914","21,562","3,452","2,212","11,747","17,586","31,911","19,717","9,669","5,568",6.90%,49,2
145,Richmond County, Georgia,"78,341",347,"5,023","8,537","1,584","9,219","4,919","1,930","2,425","5,542","20,232","9,464","3,558","5,561",7.10%,48,2
500,Hamilton County, Tennessee,"157,077",323,"11,260","19,729","3,991","15,643","10,813","2,935","12,570","17,025","32,974","16,706","7,579","5,529",5.80%,49,2
329,Sandoval County, New Mexico,"57,074",727,"4,096","5,010","1,376","7,496","2,312",747,"3,265","5,656","12,803","6,102","2,035","5,449",4.30%,48,2
316,Gloucester County, New Jersey,"140,392",400,"8,065","13,392","6,085","18,181","8,567","2,455","10,326","15,812","37,053","8,958","5,680","5,418",4.80%,40,2
340,Jefferson County, New York,"46,054",317,"4,278","2,893",718,"6,245","2,778",666,"1,538","3,617","10,668","4,332","2,604","5,400",4.70%,35,2
365,Buncombe County, North Carolina,"111,444","1,369","6,694","8,836","2,996","13,501","1,450","1,587","6,432","12,511","32,483","13,576","4,656","5,353",6.70%,44,2
372,Durham County, North Carolina,"128,308",741,"8,204","6,370","2,397","9,274","4,346","3,021","7,056","19,019","44,697","10,876","6,978","5,329",5.40%,45,2
214,Fayette County, Kentucky,"150,665","4,387","6,827","12,688","3,408","16,689","4,290","3,513","6,932","15,125","45,586","17,282","8,627","5,311",3.10%,48,2
266,Anoka County, Minnesota,"171,764",820,"12,175","27,706","5,384","22,603","9,337","2,483","11,737","15,376","39,744","11,708","7,380","5,311",4.60%,45,2
410,Licking County, Ohio,"78,762",602,"6,134","9,284","1,656","8,317","4,836","1,076","8,055","5,956","18,761","6,222","2,616","5,247",3.70%,46,2
224,Kennebec County, Maine,"58,096",618,"3,701","5,383","1,165","7,807","2,706","1,816","2,423","5,116","15,365","3,660","3,097","5,239",4.30%,36,2
19,Mohave County, Arizona,"72,433",814,"5,585","3,855",787,"11,356","4,309","1,335","3,754","3,670","15,279","13,699","2,766","5,224",7.20%,14,1
457,Erie County, Pennsylvania,"125,071",879,"5,572","23,546","2,529","13,718","4,958","1,374","5,555","7,728","35,734","12,285","6,002","5,191",6.10%,42,2
480,Berkeley County, South Carolina,"75,784",64,"6,198","8,767","1,702","8,645","4,943","2,344","3,335","7,694","15,516","7,535","3,873","5,168",7.90%,35,2
288,Clay County, Missouri,"112,365",277,"5,461","12,243","4,598","13,002","7,778","3,497","10,540","11,968","23,117","10,447","4,297","5,140",3.00%,45,2
82,Weld County, Colorado,"118,678","4,546","9,797","13,115","3,415","17,046","6,306","1,377","7,511","11,120","25,836","9,113","4,387","5,109",8.20%,46,2
308,Rockingham County, New Hampshire,"159,582","1,080","11,024","20,342","6,718","23,410","7,034","4,129","10,741","16,780","34,526","11,550","7,147","5,101",6.40%,36,2
237,Barnstable County, Massachusetts,"96,547",850,"8,302","4,397","1,499","12,100","3,833","1,657","6,388","12,994","23,220","10,434","5,918","4,955",7.90%,39,2
114,Osceola County, Florida,"117,143",894,"8,139","4,481","1,611","18,176","7,821","1,992","6,081","12,366","20,003","27,061","3,583","4,935",8.70%,36,2
424,Canadian County, Oklahoma,"56,088","1,994","3,128","3,903","3,096","6,314","2,225","1,080","4,021","4,951","12,844","5,259","2,342","4,931",4.10%,37,2
426,Comanche County, Oklahoma,"47,730","1,280","3,225","4,408",445,"5,893","2,043",691,"2,568","3,639","10,829","6,132","1,657","4,920",7.60%,45,2
178,Hamilton County, Indiana,"140,815","1,338","5,639","17,746","5,169","13,898","4,946","2,745","15,620","19,248","32,769","10,333","6,460","4,904",10.40%,44,2
608,Waukesha County, Wisconsin,"200,448","1,063","9,967","33,006","10,249","24,199","7,337","4,182","16,391","21,154","46,734","14,176","7,088","4,902",2.90%,39,2
148,Hawaii County, Hawaii,"79,982","3,757","9,361","1,712","1,604","9,102","3,656","1,111","3,841","7,783","17,027","12,772","3,379","4,877",7.20%,65,3
167,Madison County, Illinois,"123,020",949,"8,060","14,221","3,555","13,646","9,000","1,306","9,030","11,109","28,343","12,569","6,367","4,865",4.70%,60,3
94,Alachua County, Florida,"112,538",983,"3,705","3,926","1,780","12,816","3,401","1,905","5,862","11,910","44,064","11,771","5,558","4,857",7.30%,41,2
264,Washtenaw County, Michigan,"167,616",545,"4,175","16,874","2,213","16,036","4,364","4,173","9,252","18,269","66,037","13,968","6,867","4,843",4.70%,38,2
0,Baldwin County, Alabama,"77,263","1,302","6,489","6,134","2,131","9,525","3,557",940,"5,893","9,873","14,753","8,257","3,575","4,834",5.30%,43,2
583,Berkeley County, West Virginia,"46,309",48,"2,722","5,549","1,116","5,793","4,318",671,"2,650","3,282","9,350","3,974","2,042","4,794",3.50%,48,2
99,Collier County, Florida,"123,674","2,615","11,130","5,028","4,491","21,667","2,750","1,708","8,546","15,524","20,990","18,720","5,723","4,782",8.90%,39,2
301,Sarpy County, Nebraska,"83,285",479,"4,041","5,685","2,934","9,010","4,841","2,104","9,062","10,030","20,821","6,765","2,737","4,776",4.80%,44,2
17,Coconino County, Arizona,"59,481","1,057","3,239","3,682",507,"7,699","3,410",618,"1,981","3,626","16,638","9,430","2,844","4,750",7.20%,46,2
307,Merrimack County, New Hampshire,"76,317",487,"5,291","7,561","2,641","10,265","2,917","1,282","4,323","6,964","19,947","5,843","4,079","4,717",5.30%,38,2
419,Stark County, Ohio,"168,075","1,111","9,589","26,573","4,697","18,901","8,716","3,380","10,095","13,172","41,581","17,562","8,054","4,644",4.10%,56,3
89,Tolland County, Connecticut,"79,841",464,"5,145","8,550","1,666","8,003","2,434","1,188","7,629","7,101","23,599","5,985","3,436","4,641",5.10%,43,2
223,Cumberland County, Maine,"150,577","1,669","7,873","10,215","4,481","17,314","5,094","3,613","13,500","17,526","44,564","13,798","6,344","4,586",3.90%,37,2
602,Racine County, Wisconsin,"89,471","1,277","5,010","21,080","1,916","10,877","4,399","1,051","4,207","7,594","18,218","5,729","3,567","4,546",13.00%,42,2
581,Whatcom County, Washington,"94,053","2,221","5,984","8,968","2,905","10,735","3,388","2,139","6,474","11,241","21,453","10,074","3,936","4,535",2.80%,27,1
565,Benton County, Washington,"81,618","4,673","6,716","6,096","2,284","9,804","5,712","1,188","3,313","14,219","15,402","4,466","3,214","4,531",4.90%,20,1
414,Medina County, Ohio,"87,569",644,"5,980","13,762","2,986","10,042","5,211","2,169","6,485","7,713","19,247","5,607","3,199","4,524",3.40%,44,2
373,Forsyth County, North Carolina,"156,458",401,"9,593","18,428","6,150","16,880","6,065","2,006","10,562","16,118","43,094","15,330","7,335","4,496",4.80%,52,3
590,Brown County, Wisconsin,"122,441","2,037","5,223","22,287","4,038","14,015","6,789","2,847","9,320","9,228","26,028","12,902","3,302","4,425",3.90%,40,2
236,Washington County, Maryland,"68,703",641,"5,515","7,426","2,090","8,608","3,417","1,447","6,019","7,760","15,061","4,125","2,203","4,391",3.20%,49,2
530,Jefferson County, Texas,"100,420","2,291","9,595","10,147","2,674","12,081","4,248","1,287","4,466","9,859","24,461","9,232","5,703","4,376",15.20%,48,2
289,Greene County, Missouri,"127,848",562,"6,159","8,969","4,087","17,642","5,810","3,134","7,468","11,014","36,633","14,322","7,676","4,372",4.90%,42,2
74,Boulder County, Colorado,"153,738","1,272","6,880","18,833","3,637","13,719","3,904","4,814","7,602","27,184","36,567","17,178","7,797","4,351",4.90%,45,2
458,Franklin County, Pennsylvania,"68,976","2,286","4,639","10,932","1,730","8,304","2,816","1,037","3,130","4,317","15,550","5,894","4,002","4,339",3.20%,45,2
11,Shelby County, Alabama,"97,212","1,352","7,570","6,349","3,661","14,025","3,609","3,074","10,130","12,006","18,850","7,566","4,696","4,324",3.50%,46,2
285,Boone County, Missouri,"82,780",784,"3,100","3,194","1,937","11,671","2,518","2,324","5,344","6,460","30,950","7,114","3,077","4,307",5.60%,40,2
23,Yavapai County, Arizona,"79,070","1,986","5,458","3,634","2,189","10,348","2,559","1,359","5,447","8,338","17,351","12,467","3,635","4,299",3.70%,42,2
81,Pueblo County, Colorado,"64,170",722,"4,959","5,086","1,639","10,765","2,369",824,"2,614","5,337","16,363","7,178","2,037","4,277",3.60%,24,1
450,Cambria County, Pennsylvania,"62,467","1,296","4,075","6,509","1,875","7,739","3,668",956,"2,766","4,512","16,212","5,094","3,523","4,242",4.70%,52,3
462,Lehigh County, Pennsylvania,"160,616",403,"7,957","23,169","4,534","19,524","7,275","5,031","8,688","18,265","43,282","11,783","6,586","4,119",4.80%,31,2
402,Delaware County, Ohio,"85,536",765,"3,364","7,860","2,859","9,178","3,111","2,379","10,059","11,056","21,887","5,660","3,255","4,103",4.00%,44,2
93,Sussex County, Delaware,"80,646","2,573","8,870","7,668","1,933","12,156","3,344",889,"4,361","5,494","17,104","7,440","4,713","4,101",7.00%,47,2
143,Muscogee County, Georgia,"71,622",134,"4,040","6,419","1,023","8,057","2,787",875,"7,815","6,195","18,800","7,700","3,690","4,087",7.30%,47,2
531,Johnson County, Texas,"67,377","3,287","5,790","10,357","1,829","7,023","4,054",663,"3,703","4,613","15,678","3,676","2,638","4,066",5.50%,36,2
230,Cecil County, Maryland,"48,061",496,"3,989","5,509","1,005","5,847","2,837",634,"2,274","3,716","11,599","3,943","2,160","4,052",3.30%,44,2
392,Burleigh County, North Dakota,"44,104","1,343","3,760","1,733","1,409","5,617","2,529",601,"2,599","4,157","11,630","2,928","1,746","4,052",2.70%,38,2
45,Marin County, California,"119,487",640,"6,769","6,563","3,006","12,192","3,051","3,248","12,374","22,050","27,193","11,701","6,654","4,046",7.30%,38,2
164,McHenry County, Illinois,"152,679","1,406","11,390","25,548","6,160","16,501","6,985","3,082","11,258","16,902","31,146","12,573","5,690","4,038",5.90%,41,2
534,McLennan County, Texas,"105,442","1,335","6,641","12,532","2,877","13,507","3,783","1,953","7,543","7,556","28,977","9,845","4,859","4,034",5.70%,38,2
314,Cumberland County, New Jersey,"62,728","2,153","4,148","7,867","1,445","6,789","2,956",704,"2,203","5,305","18,850","3,954","2,324","4,030",8.90%,41,2
447,Berks County, Pennsylvania,"193,364","3,283","10,555","32,843","6,246","21,699","9,077","3,462","10,613","16,398","49,407","14,904","10,856","4,021",5.30%,45,2
125,Bibb County, Georgia,"56,710",355,"3,152","3,672","1,181","7,019","2,122",748,"5,861","3,732","15,734","4,688","4,464","3,982",6.10%,53,3
226,York County, Maine,"98,653","1,069","6,792","12,472","2,488","12,553","4,336","1,471","7,288","8,890","24,926","8,030","4,405","3,933",3.40%,36,2
208,Wyandotte County, Kansas,"66,582",274,"6,874","9,295","1,746","6,869","4,179",905,"3,638","6,569","13,345","6,951","2,038","3,899",5.70%,43,2
434,Jackson County, Oregon,"84,959","2,825","4,347","6,370","1,657","12,897","3,752","2,477","5,521","6,909","20,201","9,237","4,891","3,875",8.30%,36,2
467,Northampton County, Pennsylvania,"136,335",207,"6,513","21,400","4,623","15,492","6,885","3,857","8,513","13,271","35,865","9,957","5,881","3,871",5.10%,52,3
168,Peoria County, Illinois,"84,627",434,"3,402","14,684","2,292","9,368","3,523","1,587","4,428","9,673","21,481","6,124","3,788","3,843",5.80%,51,3
422,Warren County, Ohio,"101,692",237,"4,601","19,719","3,418","13,284","2,754","1,806","6,955","11,866","22,346","6,920","3,959","3,827",5.80%,55,3
294,Cascade County, Montana,"36,653",944,"3,937","1,131",813,"4,802","1,597",717,"2,963","2,258","8,150","4,017","1,518","3,806",4.00%,29,1
558,Hanover County, Virginia,"50,145",729,"3,525","3,174","1,543","6,005","2,912",910,"4,716","6,010","10,959","2,887","2,991","3,784",5.60%,49,2
474,Kent County, Rhode Island,"80,650",236,"3,814","9,704","2,431","12,274","3,337","1,269","7,314","6,645","18,763","7,721","3,360","3,782",4.90%,35,2
34,Butte County, California,"88,041","2,925","4,578","5,389","2,197","12,104","3,661","1,695","4,209","10,004","24,315","8,733","4,482","3,749",6.00%,47,2
242,Hampshire County, Massachusetts,"79,275",324,"3,576","7,263",617,"9,411","2,504","1,244","3,723","5,814","32,894","5,582","2,581","3,742",7.10%,38,2
413,Mahoning County, Ohio,"96,464",564,"4,878","12,497","2,773","12,875","4,222","2,476","5,296","6,983","27,509","8,224","4,426","3,741",4.20%,48,2
292,Jefferson County, Missouri,"104,972",295,"9,998","11,687","2,034","12,273","6,343","1,847","9,229","11,226","20,505","8,447","7,351","3,737",5.40%,48,2
275,DeSoto County, Mississippi,"75,804",485,"5,795","6,926","3,288","7,926","8,747",926,"3,129","5,232","15,225","10,559","3,868","3,698",6.60%,46,2
86,Middlesex County, Connecticut,"83,458",423,"6,688","9,390","2,392","8,853","3,034","2,413","6,756","8,215","22,533","5,663","3,409","3,689",4.10%,44,2
552,Chittenden County, Vermont,"86,951",801,"4,428","8,881","1,063","10,878","1,898","1,539","4,764","9,983","24,295","10,820","3,931","3,670",3.80%,37,2
172,Winnebago County, Illinois,"127,255",462,"6,664","26,392","2,848","14,144","6,328","2,109","5,940","10,144","31,198","10,458","6,913","3,655",9.00%,36,2
476,Washington County, Rhode Island,"63,718",131,"4,952","5,786",824,"6,981","1,666",699,"3,778","5,258","18,505","9,069","2,434","3,635",3.90%,43,2
80,Mesa County, Colorado,"64,449","4,290","3,852","3,530","1,498","8,436","2,924","1,543","3,671","4,334","17,548","6,590","2,605","3,628",7.70%,47,2
199,Scott County, Iowa,"79,831",929,"4,314","12,850","3,066","9,498","3,880","1,358","5,461","6,177","17,984","6,876","3,821","3,617",6.30%,56,3
151,Maui County, Hawaii,"73,905","2,164","6,182","1,759","1,434","8,056","4,328",813,"5,675","7,600","10,743","18,053","3,521","3,577",6.30%,18,1
577,Skagit County, Washington,"49,678","1,728","3,630","6,133","1,785","7,192","1,544",795,"2,345","4,185","10,137","4,081","2,592","3,531",3.40%,29,1
389,Union County, North Carolina,"94,191","1,787","7,713","13,632","2,496","11,223","3,729","2,323","8,878","9,650","17,679","5,786","5,786","3,509",4.90%,45,2
493,York County, South Carolina,"104,892",680,"5,572","14,608","4,901","11,701","6,426","1,566","8,101","10,751","23,550","8,828","4,736","3,472",7.10%,35,2
326,Warren County, New Jersey,"52,725",455,"4,238","7,013",913,"6,165","3,362",971,"3,578","5,144","11,081","4,030","2,320","3,455",7.40%,31,2
186,Madison County, Indiana,"55,285",893,"3,661","6,739","1,400","6,659","2,398","1,141","3,265","4,719","12,870","4,644","3,455","3,441",6.10%,47,2
596,Kenosha County, Wisconsin,"76,682",571,"4,053","13,677","2,357","10,012","4,237","1,224","3,659","6,997","17,230","6,650","2,590","3,425",10.60%,44,2
409,Lake County, Ohio,"114,195",769,"6,511","22,370","3,486","13,154","4,292","1,588","8,826","10,149","25,628","9,348","4,670","3,404",4.50%,45,2
251,Clinton County, Michigan,"35,183","1,199","1,369","3,372","1,033","2,756","2,186",230,"2,907","1,871","9,566","2,562","2,728","3,404",4.30%,42,2
398,Clark County, Ohio,"57,900",673,"2,540","7,467","2,591","7,505","2,286",433,"3,132","3,334","15,563","6,473","2,524","3,379",4.60%,52,3
38,Humboldt County, California,"61,379","2,228","5,013","3,629","1,458","8,744","2,607","1,346","2,724","4,496","13,483","9,096","3,179","3,376",5.70%,29,1
477,Aiken County, South Carolina,"65,366",876,"5,158","12,113","1,387","7,090","3,579","1,214","2,956","6,271","14,195","4,757","2,399","3,371",6.20%,39,2
541,Smith County, Texas,"96,804","3,485","5,273","7,531","3,493","12,990","3,319","1,909","5,589","10,117","24,882","10,072","4,785","3,359",4.20%,38,2
512,Wilson County, Tennessee,"50,865",256,"4,128","5,252","1,855","5,657","2,909","1,056","4,588","4,169","12,234","3,499","1,912","3,350",4.40%,46,2
298,Yellowstone County, Montana,"75,790","3,287","5,827","3,296","4,233","9,479","4,998","1,091","4,154","6,885","16,758","7,727","4,719","3,336",3.70%,20,1
261,Ottawa County, Michigan,"124,574","2,036","6,783","26,705","3,844","14,719","4,926","1,622","5,984","9,360","28,991","10,755","5,608","3,241",5.70%,42,2
190,St. Joseph County, Indiana,"117,318",394,"5,206","18,400","3,505","14,897","5,110","1,299","5,545","8,544","33,593","12,332","5,257","3,236",7.80%,52,3
510,Sumner County, Tennessee,"73,536",675,"4,477","9,122","2,760","10,682","3,557","1,699","4,644","6,994","13,232","8,336","4,156","3,202",4.80%,49,2
421,Trumbull County, Ohio,"86,807",672,"4,580","15,647","1,634","11,219","4,845","1,649","3,874","6,789","20,045","8,650","4,006","3,197",4.30%,47,2
346,Niagara County, New York,"97,503","1,177","7,239","11,873","2,707","12,474","4,501","1,515","5,247","8,330","26,215","9,112","3,922","3,191",5.50%,40,2
511,Williamson County, Tennessee,"87,222",783,"4,618","5,651","2,929","8,792","3,188","2,956","8,348","11,838","23,681","6,858","4,391","3,189",4.50%,45,2
471,Washington County, Pennsylvania,"95,951","2,157","7,583","10,490","2,800","9,270","6,081","1,369","6,202","8,670","23,499","9,692","4,951","3,187",4.90%,54,3
64,Shasta County, California,"64,021","2,130","4,562","3,837","1,771","6,237","3,623","1,306","4,626","6,214","18,024","5,330","3,184","3,177",5.80%,43,2
443,Adams County, Pennsylvania,"52,368","1,649","5,076","8,767","1,145","5,067","3,403",914,"2,210","3,475","11,161","4,687","1,637","3,177",3.00%,49,2
381,New Hanover County, North Carolina,"96,896",171,"6,678","6,084","3,004","12,148","3,679","3,053","5,265","10,508","24,367","13,117","5,648","3,174",4.60%,38,2
155,Canyon County, Idaho,"73,768","3,794","5,024","9,045","3,468","8,610","4,446","1,543","3,596","7,470","17,126","2,700","3,876","3,070",5.10%,25,1
225,Penobscot County, Maine,"74,367","1,754","4,237","4,616","2,071","9,536","3,244","1,321","3,702","5,753","24,796","7,433","2,842","3,062",5.40%,34,2
259,Muskegon County, Michigan,"67,493","2,477","2,862","14,111","1,384","8,172","2,237",713,"1,819","4,179","15,629","6,518","4,345","3,047",5.10%,41,2
495,Pennington County, South Dakota,"49,655","1,247","2,599","2,071","1,518","5,238","2,781","1,079","3,412","5,855","12,066","7,018","1,746","3,025",3.00%,28,1
393,Cass County, North Dakota,"90,256","1,640","6,000","8,270","3,496","10,978","3,479","1,890","7,381","8,179","21,373","9,037","5,514","3,019",1.90%,39,2
433,Deschutes County, Oregon,"66,715",851,"5,085","3,873","1,027","7,310","2,876","1,295","4,405","9,547","14,125","8,908","4,401","3,012",4.20%,30,1
173,Allen County, Indiana,"157,948",934,"7,237","29,620","5,106","20,407","6,347","2,564","10,216","13,414","38,873","13,367","6,863","3,000",4.00%,56,3
174,Clark County, Indiana,"53,298",165,"2,914","7,376","1,004","5,315","3,870",436,"4,149","4,769","11,333","6,336","2,655","2,976",5.00%,58,3
13,Tuscaloosa County, Alabama,"85,616","1,946","7,675","9,310","1,941","9,871","3,066","1,688","4,077","7,110","23,788","7,716","4,465","2,963",3.70%,55,3
538,Parker County, Texas,"49,573","3,474","4,627","4,313","1,041","5,666","4,032",723,"2,371","3,294","10,156","3,929","2,995","2,952",5.40%,38,2
31,Washington County, Arkansas,"96,558","2,271","6,013","15,319","3,511","12,501","4,481","1,499","4,380","7,151","23,190","8,977","4,341","2,924",4.90%,40,2
272,Stearns County, Minnesota,"78,767","2,653","5,237","11,109","2,539","8,909","3,633",873,"4,013","5,461","20,351","7,709","3,356","2,924",5.50%,36,2
180,Hendricks County, Indiana,"70,333",121,"5,421","9,565","2,303","8,076","5,675",902,"4,801","6,063","15,495","5,299","3,697","2,915",4.00%,41,2
556,Fauquier County, Virginia,"31,100","1,328","2,591","2,636",613,"3,604","1,010",873,571,"4,652","7,256","1,637","1,442","2,887",7.30%,43,2
399,Clermont County, Ohio,"94,269",367,"4,968","15,309","2,180","13,137","4,158","1,064","8,110","9,196","20,232","7,645","5,037","2,866",6.30%,53,3
494,Minnehaha County, South Dakota,"90,822","1,333","4,568","9,994","3,274","11,358","3,177","1,432","12,323","6,061","23,590","7,211","3,680","2,821",3.30%,41,2
49,Napa County, California,"62,966","4,341","3,482","7,629","2,265","6,491","1,697","1,204","3,858","5,752","12,983","7,471","2,978","2,815",6.20%,39,2
532,Kaufman County, Texas,"47,829",252,"4,779","5,885","2,290","5,090","2,782",798,"3,311","4,046","10,221","3,151","2,422","2,802",3.40%,42,2
263,St. Clair County, Michigan,"65,647",601,"3,662","12,977",742,"8,561","2,767",902,"2,784","4,158","15,474","6,853","3,368","2,798",4.00%,40,2
384,Pitt County, North Carolina,"80,520",942,"5,523","7,452","2,902","9,481","2,746","1,266","4,121","5,442","25,498","7,827","4,529","2,791",4.50%,44,2
478,Anderson County, South Carolina,"77,245",717,"4,689","17,369","1,762","10,173","3,758",589,"2,787","4,970","18,361","5,131","4,164","2,775",7.10%,41,2
85,Litchfield County, Connecticut,"97,532","1,118","6,671","12,781","2,537","9,852","3,320","2,155","7,190","11,080","25,409","7,300","5,350","2,769",5.90%,38,2
557,Frederick County, Virginia,"36,149","1,758","3,727","2,500","1,415","3,936","1,406",604,"1,620","3,650","9,160","2,252","1,403","2,718",5.60%,44,2
4,Houston County, Alabama,"45,470",790,"2,967","4,237","1,897","6,225","2,838",670,"1,980","3,458","9,843","5,200","2,658","2,707",4.80%,48,2
569,Cowlitz County, Washington,"38,046","1,524","2,155","6,013",790,"4,595","2,457",43,"1,819","3,127","8,626","2,534","1,707","2,656",3.70%,16,1
336,Chautauqua County, New York,"57,902","1,640","2,424","8,489","1,455","6,511","2,266",855,"1,980","3,496","17,684","4,911","3,563","2,628",3.80%,39,2
133,Douglas County, Georgia,"58,755",0,"5,588","5,357","2,574","7,415","4,907","2,073","3,807","7,624","10,142","3,223","3,452","2,593",9.80%,45,2
464,Lycoming County, Pennsylvania,"52,784",538,"2,861","8,964","1,165","6,666","3,578",723,"2,522","3,694","11,913","4,342","3,227","2,591",6.50%,40,2
483,Florence County, South Carolina,"55,503",385,"2,179","5,115","1,368","6,899","2,988",595,"4,650","5,013","14,801","4,959","3,972","2,579",5.70%,43,2
209,Boone County, Kentucky,"59,373",396,"2,977","7,868","2,100","7,242","5,871","1,436","3,999","5,286","12,362","5,223","2,067","2,546",3.70%,42,2
90,Windham County, Connecticut,"57,729",994,"4,163","6,704","1,651","7,230","2,755",622,"2,178","4,127","17,036","5,194","2,546","2,529",2.80%,36,2
269,Olmsted County, Minnesota,"77,173",896,"3,278","7,023","1,398","7,387","2,087","1,529","2,483","5,230","33,838","6,132","3,366","2,526",5.90%,42,2
492,Spartanburg County, South Carolina,"122,856","1,134","7,651","25,358","4,979","16,055","6,053","2,710","4,785","9,285","23,928","11,910","6,508","2,500",7.00%,51,3
318,Hunterdon County, New Jersey,"62,763",655,"3,617","7,711","1,670","6,822","2,222","2,317","6,033","8,552","14,680","4,034","1,961","2,489",5.20%,43,2
521,Ellis County, Texas,"69,135",728,"6,351","9,590","2,041","6,738","3,970","1,422","4,887","4,543","16,195","6,463","3,722","2,485",6.00%,43,2
465,Mercer County, Pennsylvania,"48,826",841,"2,453","8,755",943,"5,869","2,505",723,"1,884","2,824","14,314","3,491","1,744","2,480",3.30%,47,2
417,Portage County, Ohio,"77,333",209,"4,384","14,349","2,631","8,866","2,605","2,198","3,166","5,798","18,759","8,623","3,279","2,466",6.40%,40,2
287,Cass County, Missouri,"47,591",480,"3,898","5,167","2,231","5,867","2,540","1,321","2,991","4,859","9,369","3,202","3,205","2,461",5.90%,45,2
169,Rock Island County, Illinois,"68,332",982,"2,864","12,372","2,312","7,932","3,337","1,431","2,862","5,554","16,824","5,461","3,957","2,444",5.30%,32,2
139,Hall County, Georgia,"75,227","1,474","5,017","15,735","3,280","7,468","2,801","1,151","4,045","6,235","16,121","5,752","3,710","2,438",5.10%,55,3
371,Davidson County, North Carolina,"71,092",178,"3,982","14,799","1,491","9,531","3,620","1,151","3,468","5,337","16,089","5,761","3,277","2,408",5.40%,45,2
562,Roanoke County, Virginia,"47,309",216,"2,648","4,713","1,495","5,779","3,289",325,"5,659","4,842","11,584","2,222","2,136","2,401",7.40%,37,2
350,Oswego County, New York,"52,866",865,"3,889","6,300","1,816","6,300","4,408",713,"1,861","3,433","13,606","4,605","2,676","2,394",6.20%,34,2
258,Monroe County, Michigan,"66,791",537,"3,346","13,004","2,386","7,473","4,303",529,"2,181","5,626","15,347","6,554","3,117","2,388",3.70%,35,2
388,Rowan County, North Carolina,"58,312",872,"5,140","7,419","2,673","9,820","3,351",410,"1,880","3,353","13,624","4,637","2,760","2,373",7.70%,51,3
369,Catawba County, North Carolina,"70,179",589,"4,036","16,820","3,536","8,314","3,884",490,"3,058","4,179","12,905","5,610","4,390","2,368",6.80%,45,2
196,Linn County, Iowa,"112,119",645,"6,608","19,584","3,656","13,605","4,872","3,953","9,683","10,846","23,370","8,270","4,666","2,361",3.40%,47,2
254,Kalamazoo County, Michigan,"114,209","1,497","3,825","20,035","3,336","14,024","3,581","1,019","6,904","9,616","30,520","12,717","4,782","2,353",4.80%,44,2
238,Berkshire County, Massachusetts,"61,667",400,"4,039","5,883","1,273","7,547","1,832","1,351","2,722","5,408","18,727","7,537","2,604","2,344",2.30%,37,2
189,Porter County, Indiana,"73,994",449,"5,418","13,102","1,660","9,194","2,958","1,336","3,884","5,698","17,394","6,670","3,890","2,341",6.00%,52,3
191,Tippecanoe County, Indiana,"81,865","1,160","3,737","9,772","1,515","10,201","1,784","1,028","4,002","5,056","28,163","9,417","3,702","2,328",4.90%,52,3
509,Sullivan County, Tennessee,"63,476",830,"4,080","10,638",746,"9,561","2,604","1,137","2,404","5,058","16,000","5,621","2,475","2,322",5.40%,40,2
438,Linn County, Oregon,"46,951","3,044","3,195","6,749","1,294","7,485","1,246",345,"2,646","3,173","10,480","2,525","2,461","2,308",2.90%,26,1
546,Cache County, Utah,"53,994","1,176","2,842","9,652",697,"7,371","1,538","1,259","2,355","4,301","14,603","4,072","1,832","2,296",5.40%,49,2
193,Vigo County, Indiana,"46,921",304,"3,275","6,577",783,"6,525","1,605",447,"2,121","4,050","12,955","3,767","2,241","2,271",7.20%,52,3
156,Kootenai County, Idaho,"59,952",688,"5,460","6,496","1,218","8,012","1,685",488,"5,380","5,966","12,755","6,417","3,135","2,252",4.70%,37,2
297,Missoula County, Montana,"56,935","1,036","3,750","1,890","1,189","8,252","2,309","2,617","3,108","5,359","15,895","7,233","2,056","2,241",5.10%,56,3
211,Campbell County, Kentucky,"43,946",435,"2,756","4,792",680,"5,271","2,718",882,"3,498","4,060","11,417","3,500","1,737","2,200",6.40%,47,2
539,Potter County, Texas,"55,823",660,"5,919","5,914","1,444","8,976","2,454",840,"2,555","3,640","11,362","6,410","3,460","2,189",5.90%,23,1
159,Champaign County, Illinois,"96,700",652,"3,687","6,851","2,168","9,645","2,660","3,185","5,522","7,910","36,792","10,117","5,348","2,163",4.60%,34,2
165,McLean County, Illinois,"87,438",850,"3,162","5,878","1,073","10,074","3,493","1,860","18,415","5,726","21,685","8,792","4,308","2,122",7.50%,40,2
249,Bay County, Michigan,"47,467",368,"2,711","5,628","1,775","7,430","2,275",740,"2,072","3,721","12,717","3,462","2,448","2,120",5.30%,25,1
274,Wright County, Minnesota,"65,917","1,058","5,508","10,857","2,634","7,700","3,108",697,"4,292","4,903","15,279","4,722","3,073","2,086",5.10%,41,2
497,Blount County, Tennessee,"53,888",470,"4,271","6,846","1,603","7,454","2,803",938,"3,255","6,815","11,844","3,603","1,916","2,070",3.60%,47,2
595,Jefferson County, Wisconsin,"42,680","1,136","2,468","8,194","1,729","5,133","2,062",339,"1,783","3,417","8,989","3,813","1,585","2,032",4.70%,41,2
593,Eau Claire County, Wisconsin,"53,415",641,"2,460","6,303","1,480","7,289","2,036","1,163","2,618","3,958","14,872","6,607","1,963","2,025",5.00%,30,1
446,Beaver County, Pennsylvania,"77,709",345,"4,953","8,502","2,116","10,053","7,188",794,"5,057","7,255","18,884","6,417","4,123","2,022",8.50%,49,2
448,Blair County, Pennsylvania,"58,564",902,"4,395","8,144","2,048","8,902","3,541",993,"2,109","3,361","14,575","4,844","2,737","2,013",4.30%,33,2
286,Buchanan County, Missouri,"38,993",489,"2,133","6,864","1,015","3,936","2,352",693,"2,494","1,590","9,065","4,002","2,353","2,007",6.20%,45,2
423,Wood County, Ohio,"57,825",293,"2,407","9,656","1,550","7,081","2,785","1,162","2,146","4,161","17,059","4,550","3,043","1,932",3.90%,44,2
470,Somerset County, Pennsylvania,"32,971","1,612","2,404","4,869",812,"3,785","1,884",575,"1,075","1,971","6,722","3,863","1,473","1,926",4.50%,37,2
490,Pickens County, South Carolina,"47,668",512,"4,813","7,099","1,034","5,821","2,567",438,"1,734","3,484","11,173","5,155","1,914","1,924",6.70%,41,2
594,Fond du Lac County, Wisconsin,"52,211","2,152","3,179","11,509","1,235","5,549","2,555",882,"2,588","2,999","11,660","3,475","2,507","1,921",3.00%,39,2
222,Aroostook County, Maine,"31,599","1,467",991,"3,608",901,"4,520","1,202",606,"1,098","1,910","9,950","2,255","1,218","1,873",5.00%,33,2
10,Morgan County, Alabama,"53,198",495,"3,745","11,347","1,692","5,495","3,281",783,"2,244","5,808","7,868","6,052","2,530","1,858",6.90%,50,2
600,Outagamie County, Wisconsin,"91,005","1,215","5,704","20,211","3,265","9,903","3,983","1,341","7,470","6,755","16,920","8,383","4,033","1,822",3.20%,38,2
575,Lewis County, Washington,"28,303","1,808","3,079","3,085",443,"4,472","1,855",243,687,"1,676","5,674","2,335","1,154","1,792",4.50%,19,1
194,Black Hawk County, Iowa,"65,338",395,"2,947","12,551","2,088","8,361","2,953","1,069","4,321","4,609","15,624","5,358","3,294","1,768",5.90%,41,2
451,Centre County, Pennsylvania,"73,162","1,256","3,310","6,465",774,"8,400","2,088",774,"3,896","4,476","29,332","7,405","3,218","1,768",14.40%,45,2
394,Allen County, Ohio,"44,717",740,"2,368","9,162","1,653","5,691","1,314",565,"1,551","3,587","10,459","3,705","2,189","1,733",8.90%,45,2
603,Rock County, Wisconsin,"76,879","1,310","4,176","14,472","2,234","11,339","3,279","2,048","4,230","4,160","17,070","7,230","3,600","1,731",2.90%,41,2
192,Vanderburgh County, Indiana,"86,691","1,008","5,562","15,224","1,872","11,868","4,961","2,152","5,059","5,813","19,153","7,537","4,769","1,713",4.40%,56,3
256,Lenawee County, Michigan,"42,432","1,157","1,692","7,156",517,"5,074","1,885",838,"1,661","2,599","11,396","3,626","3,133","1,698",7.00%,44,2
358,Steuben County, New York,"43,318","1,832","2,999","9,226",738,"4,324","1,972",529,"1,356","2,069","11,456","3,049","2,078","1,690",4.40%,35,2
592,Dodge County, Wisconsin,"41,826","1,838","2,611","10,847",824,"5,054","1,878","1,104","1,078","2,279","8,293","2,621","1,733","1,666",4.10%,42,2
221,Androscoggin County, Maine,"49,715",352,"4,181","4,911","2,486","7,814","2,057",866,"3,291","4,604","14,407","1,930","1,155","1,661",4.00%,34,2
176,Elkhart County, Indiana,"86,514",615,"4,792","29,940","2,429","9,342","3,287",910,"3,955","4,742","14,391","6,029","4,430","1,652",7.80%,44,2
250,Berrien County, Michigan,"66,786","1,598","2,817","12,621","1,217","8,155","4,350",866,"2,673","4,608","16,464","6,235","3,532","1,650",5.30%,44,2
271,Scott County, Minnesota,"69,958",631,"3,330","9,393","2,518","9,234","3,342","1,100","6,283","9,840","12,170","7,497","2,971","1,649",4.70%,36,2
166,Macon County, Illinois,"46,390","1,001","2,274","6,318","1,425","6,150","3,709",970,"2,332","3,265","10,296","4,327","2,699","1,624",5.90%,46,2
550,Washington County, Utah,"51,780",642,"4,622","2,370","1,343","8,884","2,958",766,"2,486","4,918","12,742","5,582","2,864","1,603",3.40%,48,2
175,Delaware County, Indiana,"50,428",502,"2,513","4,893","1,070","7,174","1,460",627,"2,101","3,397","17,248","5,458","2,412","1,573",6.40%,45,2
220,Warren County, Kentucky,"52,042",413,"2,937","6,517","1,272","8,303","2,289",987,"1,907","3,703","14,817","5,108","2,216","1,573",8.60%,44,2
415,Miami County, Ohio,"46,748",222,"2,865","10,591",972,"6,222","1,489",544,"1,119","4,109","10,339","3,911","2,799","1,566",5.10%,44,2
597,Manitowoc County, Wisconsin,"40,240","1,690","1,972","11,994",830,"3,893","1,908",287,"1,653","1,928","7,524","3,571","1,442","1,548",3.70%,36,2
305,Grafton County, New Hampshire,"44,916",782,"3,410","4,179",702,"6,412",958,648,"1,551","3,292","15,096","5,177","1,165","1,544",3.00%,36,2
612,Natrona County, Wyoming,"39,196","3,629","2,890","2,773","1,553","4,221","2,829",380,"1,854","2,947","9,782","3,310","1,485","1,543",3.30%,17,1
210,Bullitt County, Kentucky,"35,090",177,"2,913","5,650","1,493","4,326","3,898",423,"2,155","2,784","6,367","2,097","1,265","1,542",6.90%,49,2
453,Clearfield County, Pennsylvania,"33,430","1,570","2,510","3,529",775,"4,126","2,626",274,"1,233","1,873","9,132","1,981","2,308","1,493",2.80%,45,2
198,Pottawattamie County, Iowa,"47,854",777,"3,961","4,435","1,440","5,487","4,307","1,346","3,865","3,428","10,829","4,523","1,981","1,475",4.90%,29,1
395,Ashtabula County, Ohio,"43,330",575,"2,713","9,000",886,"5,813","3,042",519,"1,117","2,166","10,766","2,702","2,557","1,474",5.70%,44,2
296,Gallatin County, Montana,"46,520","1,245","4,432","2,514","1,183","5,507","1,551",384,"2,241","5,448","10,935","7,157","2,497","1,426",4.30%,28,1
563,Rockingham County, Virginia,"35,659","2,134","2,833","4,941",749,"4,518","2,178",382,"1,435","2,321","8,678","2,393","1,708","1,389",7.40%,41,2
201,Woodbury County, Iowa,"50,225","1,431","3,615","9,063","1,345","6,684","1,990","1,264","3,205","3,223","11,091","3,870","2,057","1,387",5.70%,34,2
362,Wayne County, New York,"45,451","1,639","2,963","9,642","1,133","4,341","1,363",538,"1,599","3,539","12,011","2,889","2,430","1,364",3.60%,35,2
248,Allegan County, Michigan,"48,467","1,462","3,837","10,586","2,402","6,656","2,085",174,"1,757","3,143","8,752","4,049","2,271","1,293",9.80%,42,2
606,Walworth County, Wisconsin,"52,067","1,484","3,745","10,772",807,"7,608","2,235",848,"2,318","3,037","8,034","7,844","2,053","1,282",8.40%,41,2
598,Marathon County, Wisconsin,"69,887","2,335","4,126","14,917","2,447","8,415","3,762",501,"5,991","4,592","14,131","4,995","2,429","1,246",4.10%,38,2
524,Gregg County, Texas,"52,629","3,069","3,807","6,506","2,346","5,161","2,244",559,"2,377","5,321","10,485","6,566","2,953","1,235",5.60%,37,2
461,Lawrence County, Pennsylvania,"38,593",491,"2,806","4,545","1,190","6,417","2,812",409,"1,571","2,624","9,590","3,307","1,647","1,184",11.20%,33,2
404,Geauga County, Ohio,"44,238",115,"3,951","7,751","1,156","4,625","1,530",434,"3,297","4,128","9,696","3,727","2,665","1,163",4.90%,46,2
291,Jasper County, Missouri,"53,753","1,005","3,204","8,580","1,379","7,800","2,891","1,222","2,129","2,919","12,861","5,966","2,672","1,125",5.70%,39,2
195,Johnson County, Iowa,"72,153","1,010","2,215","4,505","1,775","7,308","2,483","1,020","4,669","5,829","29,261","8,083","2,878","1,117",2.50%,51,3
427,Creek County, Oklahoma,"30,677",943,"2,970","4,180",995,"3,543","2,639",906,"1,147","1,889","6,356","1,990","2,014","1,105",3.00%,38,2
445,Armstrong County, Pennsylvania,"31,764","1,247","2,347","4,657",695,"3,524","2,529",507,988,"2,085","8,345","2,067","1,677","1,096",3.80%,51,3
185,LaPorte County, Indiana,"46,537",610,"3,310","8,953","1,306","5,133","2,997",303,"1,779","3,630","9,700","5,093","2,679","1,044",5.20%,44,2
544,Victoria County, Texas,"39,051","2,173","2,604","4,413","1,469","5,087","1,812",507,"2,137","2,758","9,437","4,214","1,402","1,038",2.70%,32,2
400,Columbiana County, Ohio,"43,698",726,"2,473","7,067","1,033","5,753","3,083",949,"1,650","3,003","10,735","4,372","1,842","1,012",3.40%,23,1
295,Flathead County, Montana,"40,831","1,165","3,497","3,225",857,"6,544","2,017",533,"2,357","3,622","7,977","6,173","1,855","1,009",4.10%,41,2
605,Sheboygan County, Wisconsin,"57,675","1,035","3,529","19,205",846,"5,813","1,901",372,"3,160","3,264","10,584","5,034","2,112",820,4.80%,41,2
304,Cheshire County, New Hampshire,"38,857",428,"2,482","4,200","1,580","4,419","1,771",751,"2,468","1,955","12,543","3,483","2,032",745,5.10%,37,2
601,Ozaukee County, Wisconsin,"44,481",395,"1,920","8,457","1,449","5,217","1,294",520,"3,537","4,469","10,831","3,906","1,762",724,5.50%,40,2
158,Adams County, Illinois,"31,219",896,"1,941","5,031",905,"6,081","1,662",486,"1,963","1,460","6,758","2,116","1,573",347,9.40%,37,2
