,County_Name,2019_Median_AQI,2015_Median_AQI,2010_Median_AQI
0,"Baldwin County, Alabama",37.0,38.0,43.0
1,"Barbour County, Alabama",,,
2,"Clay County, Alabama",30.0,32.0,42.0
3,"Colbert County, Alabama",37.0,36.0,47.0
4,"DeKalb County, Alabama",39.0,37.0,43.0
5,"Elmore County, Alabama",39.0,35.0,43.0
6,"Escambia County, Alabama",,,
7,"Etowah County, Alabama",43.0,46.0,54.0
8,"Houston County, Alabama",35.0,33.0,48.0
9,"Jefferson County, Alabama",53.0,48.0,59.0
10,"Lawrence County, Alabama",24.0,27.0,34.0
11,"Limestone County, Alabama",,,
12,"Madison County, Alabama",44.0,38.0,44.0
13,"Marengo County, Alabama",,,
14,"Mobile County, Alabama",43.0,40.0,40.0
15,"Montgomery County, Alabama",52.0,45.0,50.0
16,"Morgan County, Alabama",41.0,38.0,50.0
17,"Pike County, Alabama",,,
18,"Russell County, Alabama",40.0,47.0,47.0
19,"Shelby County, Alabama",42.0,39.0,46.0
20,"Sumter County, Alabama",33.0,40.0,39.0
21,"Talladega County, Alabama",,40.0,48.0
22,"Tuscaloosa County, Alabama",35.0,49.0,55.0
23,"Walker County, Alabama",,,45.0
24,"Aleutians East  County, Alaska",10.0,10.0,8.0
25,"Anchorage  County, Alaska",27.0,28.0,32.0
26,"Denali  County, Alaska",36.0,34.0,33.0
27,"Fairbanks North Star  County, Alaska",38.0,54.0,36.0
28,"Juneau  County, Alaska",20.0,21.0,26.0
29,"Kenai Peninsula  County, Alaska",8.0,5.0,5.0
30,"Matanuska-Susitna  County, Alaska",19.0,29.0,13.0
31,"Apache County, Arizona",10.0,11.0,14.0
32,"Cochise County, Arizona",45.0,44.0,45.0
33,"Coconino County, Arizona",45.0,44.0,46.0
34,"Gila County, Arizona",48.0,43.0,44.0
35,"Graham County, Arizona",,,
36,"Maricopa County, Arizona",65.0,64.0,61.0
37,"Mohave County, Arizona",14.0,17.0,14.0
38,"Navajo County, Arizona",44.0,39.0,44.0
39,"Pima County, Arizona",47.0,45.0,49.0
40,"Pinal County, Arizona",63.0,63.0,69.0
41,"Santa Cruz County, Arizona",31.0,30.0,42.0
42,"Yavapai County, Arizona",43.0,41.0,42.0
43,"Yuma County, Arizona",45.0,43.0,40.0
44,"Arkansas County, Arkansas",30.0,34.0,48.0
45,"Ashley County, Arkansas",33.0,31.0,45.0
46,"Clark County, Arkansas",32.0,33.0,35.0
47,"Craighead County, Arkansas",30.0,,
48,"Crittenden County, Arkansas",40.0,36.0,42.0
49,"Faulkner County, Arkansas",,,45.0
50,"Garland County, Arkansas",38.0,34.0,45.0
51,"Jefferson County, Arkansas",,,
52,"Marion County, Arkansas",,,
53,"Miller County, Arkansas",,,
54,"Mississippi County, Arkansas",,,
55,"Montgomery County, Arkansas",,,
56,"Newton County, Arkansas",36.0,35.0,39.0
57,"Phillips County, Arkansas",,,46.0
58,"Polk County, Arkansas",39.0,38.0,43.0
59,"Pope County, Arkansas",,,44.0
60,"Pulaski County, Arkansas",45.0,44.0,55.0
61,"Sebastian County, Arkansas",,,46.0
62,"Union County, Arkansas",35.0,33.0,47.0
63,"Washington County, Arkansas",43.0,37.0,40.0
64,"White County, Arkansas",,,48.0
65,"Alameda County, California",41.0,46.0,43.0
66,"Amador County, California",39.0,41.0,35.0
67,"Butte County, California",46.0,52.0,47.0
68,"Calaveras County, California",42.0,45.0,41.0
69,"Colusa County, California",39.0,46.0,38.0
70,"Contra Costa County, California",40.0,44.0,39.0
71,"Del Norte County, California",20.0,15.0,12.0
72,"El Dorado County, California",43.0,44.0,42.0
73,"Fresno County, California",60.0,80.0,70.0
74,"Glenn County, California",40.0,44.0,42.0
75,"Humboldt County, California",27.0,36.0,29.0
76,"Imperial County, California",58.0,63.0,53.0
77,"Inyo County, California",47.0,48.0,44.0
78,"Kern County, California",67.0,84.0,79.0
79,"Kings County, California",56.0,71.0,70.0
80,"Lake County, California",31.0,36.0,35.0
81,"Los Angeles County, California",71.0,79.0,76.0
82,"Madera County, California",50.0,63.0,46.0
83,"Marin County, California",33.0,36.0,38.0
84,"Mariposa County, California",47.0,46.0,49.0
85,"Mendocino County, California",33.0,38.0,34.0
86,"Merced County, California",48.0,58.0,55.0
87,"Modoc County, California",,,
88,"Mono County, California",27.0,14.0,18.0
89,"Monterey County, California",37.0,37.0,36.0
90,"Napa County, California",35.0,44.0,39.0
91,"Nevada County, California",44.0,47.0,44.0
92,"Orange County, California",48.0,56.0,56.0
93,"Placer County, California",45.0,45.0,50.0
94,"Plumas County, California",25.0,50.0,33.0
95,"Riverside County, California",77.0,87.0,87.0
96,"Sacramento County, California",46.0,54.0,49.0
97,"San Benito County, California",38.0,39.0,40.0
98,"San Bernardino County, California",80.0,83.0,81.0
99,"San Diego County, California",64.0,61.0,61.0
100,"San Francisco County, California",36.0,35.0,40.0
101,"San Joaquin County, California",44.0,56.0,45.0
102,"San Luis Obispo County, California",46.0,53.0,51.0
103,"San Mateo County, California",35.0,32.0,35.0
104,"Santa Barbara County, California",43.0,45.0,44.0
105,"Santa Clara County, California",41.0,43.0,42.0
106,"Santa Cruz County, California",35.0,35.0,34.0
107,"Shasta County, California",42.0,44.0,43.0
108,"Siskiyou County, California",36.0,36.0,33.0
109,"Solano County, California",40.0,44.0,39.0
110,"Sonoma County, California",33.0,35.0,32.0
111,"Stanislaus County, California",49.0,59.0,53.0
112,"Sutter County, California",44.0,49.0,44.0
113,"Tehama County, California",41.0,45.0,50.0
114,"Trinity County, California",18.0,9.0,10.0
115,"Tulare County, California",66.0,78.0,69.0
116,"Tuolumne County, California",43.0,43.0,41.0
117,"Ventura County, California",46.0,50.0,47.0
118,"Yolo County, California",41.0,44.0,38.0
119,"New Brunswick County, Canada",,,
120,"Saskatchewan County, Canada",,,
121,"Adams County, Colorado",47.0,45.0,43.0
122,"Alamosa County, Colorado",9.0,17.0,20.0
123,"Arapahoe County, Colorado",46.0,45.0,47.0
124,"Archuleta County, Colorado",31.0,17.0,17.0
125,"Boulder County, Colorado",47.0,44.0,45.0
126,"Delta County, Colorado",41.0,16.0,19.0
127,"Denver County, Colorado",51.0,52.0,49.0
128,"Douglas County, Colorado",46.0,44.0,45.0
129,"El Paso County, Colorado",45.0,44.0,45.0
130,"Elbert County, Colorado",,,17.0
131,"Fremont County, Colorado",13.0,11.0,14.0
132,"Garfield County, Colorado",44.0,45.0,51.0
133,"Gunnison County, Colorado",45.0,44.0,42.0
134,"Jackson County, Colorado",6.0,38.0,7.0
135,"Jefferson County, Colorado",46.0,45.0,46.0
136,"La Plata County, Colorado",44.0,43.0,48.0
137,"Larimer County, Colorado",48.0,49.0,51.0
138,"Mesa County, Colorado",44.0,45.0,47.0
139,"Montezuma County, Colorado",46.0,44.0,46.0
140,"Pitkin County, Colorado",10.0,11.0,49.0
141,"Prowers County, Colorado",14.0,14.0,24.0
142,"Pueblo County, Colorado",20.0,19.0,24.0
143,"Routt County, Colorado",13.0,13.0,16.0
144,"San Juan County, Colorado",7.0,6.0,8.0
145,"San Miguel County, Colorado",11.0,44.0,19.0
146,"Summit County, Colorado",,,12.0
147,"Teller County, Colorado",,,51.0
148,"Weld County, Colorado",45.0,47.0,46.0
149,"Fairfield County, Connecticut",43.0,46.0,43.0
150,"Hartford County, Connecticut",39.0,45.0,35.0
151,"Litchfield County, Connecticut",37.0,39.0,38.0
152,"Middlesex County, Connecticut",41.0,43.0,44.0
153,"New Haven County, Connecticut",41.0,45.0,42.0
154,"New London County, Connecticut",37.0,36.0,37.0
155,"Tolland County, Connecticut",42.0,39.0,43.0
156,"Windham County, Connecticut",36.0,35.0,36.0
157,"BAJA CALIFORNIA NORTE County, Country Of Mexico",72.0,73.0,58.0
158,"CHIHUAHUA STATE County, Country Of Mexico",,,43.0
159,"SONORA County, Country Of Mexico",43.0,,63.0
160,"Kent County, Delaware",42.0,41.0,43.0
161,"New Castle County, Delaware",43.0,48.0,50.0
162,"Sussex County, Delaware",42.0,42.0,47.0
163,"District of Columbia County, District Of Columbia",44.0,47.0,51.0
164,"Alachua County, Florida",35.0,34.0,41.0
165,"Baker County, Florida",33.0,32.0,36.0
166,"Bay County, Florida",38.0,37.0,43.0
167,"Brevard County, Florida",36.0,37.0,43.0
168,"Broward County, Florida",40.0,34.0,41.0
169,"Citrus County, Florida",30.0,24.0,32.0
170,"Collier County, Florida",34.0,33.0,39.0
171,"Columbia County, Florida",38.0,35.0,44.0
172,"Duval County, Florida",43.0,38.0,45.0
173,"Escambia County, Florida",40.0,40.0,46.0
174,"Hamilton County, Florida",33.0,32.0,39.0
175,"Highlands County, Florida",36.0,31.0,36.0
176,"Hillsborough County, Florida",42.0,44.0,49.0
177,"Holmes County, Florida",40.0,37.0,44.0
178,"Indian River County, Florida",36.0,34.0,39.0
179,"Lake County, Florida",35.0,34.0,41.0
180,"Lee County, Florida",36.0,36.0,41.0
181,"Leon County, Florida",38.0,40.0,47.0
182,"Liberty County, Florida",33.0,31.0,36.0
183,"Manatee County, Florida",36.0,34.0,37.0
184,"Marion County, Florida",38.0,35.0,42.0
185,"Miami-Dade County, Florida",38.0,40.0,44.0
186,"Nassau County, Florida",30.0,33.0,
187,"Orange County, Florida",36.0,38.0,44.0
188,"Osceola County, Florida",34.0,32.0,36.0
189,"Palm Beach County, Florida",35.0,37.0,42.0
190,"Pasco County, Florida",36.0,37.0,39.0
191,"Pinellas County, Florida",40.0,38.0,45.0
192,"Polk County, Florida",36.0,37.0,44.0
193,"Putnam County, Florida",17.0,13.0,15.0
194,"Santa Rosa County, Florida",39.0,38.0,45.0
195,"Sarasota County, Florida",37.0,40.0,49.0
196,"Seminole County, Florida",37.0,34.0,38.0
197,"St. Lucie County, Florida",34.0,32.0,39.0
198,"Volusia County, Florida",37.0,36.0,41.0
199,"Wakulla County, Florida",35.0,36.0,36.0
200,"Bibb County, Georgia",39.0,41.0,53.0
201,"Charlton County, Georgia",20.0,24.0,30.0
202,"Chatham County, Georgia",38.0,36.0,43.0
203,"Chattooga County, Georgia",40.0,36.0,41.0
204,"Clarke County, Georgia",44.0,38.0,46.0
205,"Clayton County, Georgia",36.0,39.0,53.0
206,"Cobb County, Georgia",42.0,42.0,50.0
207,"Coffee County, Georgia",26.0,28.0,36.0
208,"Coweta County, Georgia",,35.0,45.0
209,"Dawson County, Georgia",37.0,38.0,43.0
210,"DeKalb County, Georgia",44.0,50.0,55.0
211,"Dougherty County, Georgia",40.0,42.0,48.0
212,"Douglas County, Georgia",40.0,37.0,45.0
213,"Fayette County, Georgia",,,
214,"Floyd County, Georgia",45.0,40.0,56.0
215,"Fulton County, Georgia",49.0,49.0,54.0
216,"Glynn County, Georgia",36.0,34.0,41.0
217,"Gwinnett County, Georgia",45.0,40.0,47.0
218,"Hall County, Georgia",37.0,48.0,55.0
219,"Henry County, Georgia",37.0,36.0,46.0
220,"Houston County, Georgia",38.0,35.0,52.0
221,"Lowndes County, Georgia",35.0,38.0,53.0
222,"Murray County, Georgia",42.0,37.0,44.0
223,"Muscogee County, Georgia",40.0,38.0,47.0
224,"Paulding County, Georgia",,43.0,45.0
225,"Pike County, Georgia",37.0,35.0,41.0
226,"Richmond County, Georgia",45.0,39.0,48.0
227,"Rockdale County, Georgia",43.0,31.0,36.0
228,"Spalding County, Georgia",,,
229,"Sumter County, Georgia",39.0,34.0,42.0
230,"Walker County, Georgia",37.0,39.0,52.0
231,"Washington County, Georgia",29.0,32.0,40.0
232,"Wilkinson County, Georgia",,38.0,51.0
233,"Hawaii County, Hawaii",16.0,58.0,65.0
234,"Honolulu County, Hawaii",27.0,34.0,38.0
235,"Kauai County, Hawaii",13.0,14.0,
236,"Maui County, Hawaii",15.0,25.0,18.0
237,"Ada County, Idaho",38.0,40.0,49.0
238,"Bannock County, Idaho",20.0,27.0,20.0
239,"Benewah County, Idaho",37.0,46.0,32.0
240,"Bingham County, Idaho",,,
241,"Boise County, Idaho",33.0,29.0,
242,"Bonner County, Idaho",21.0,21.0,9.0
243,"Bonneville County, Idaho",29.0,18.0,
244,"Boundary County, Idaho",,,
245,"Butte County, Idaho",40.0,40.0,43.0
246,"Canyon County, Idaho",25.0,27.0,25.0
247,"Caribou County, Idaho",,,
248,"Custer County, Idaho",6.0,6.0,8.0
249,"Elmore County, Idaho",,,
250,"Idaho County, Idaho",40.0,20.0,10.0
251,"Kootenai County, Idaho",23.0,30.0,37.0
252,"Latah County, Idaho",10.0,11.0,10.0
253,"Lemhi County, Idaho",23.0,38.0,33.0
254,"Nez Perce County, Idaho",24.0,19.0,17.0
255,"Power County, Idaho",,,20.0
256,"Shoshone County, Idaho",29.0,43.0,44.0
257,"Twin Falls County, Idaho",19.0,24.0,24.0
258,"Valley County, Idaho",22.0,13.0,
259,"Adams County, Illinois",41.0,40.0,37.0
260,"Champaign County, Illinois",42.0,42.0,34.0
261,"Clark County, Illinois",34.0,39.0,40.0
262,"Cook County, Illinois",53.0,53.0,58.0
263,"DuPage County, Illinois",42.0,39.0,46.0
264,"Effingham County, Illinois",40.0,40.0,44.0
265,"Hamilton County, Illinois",43.0,38.0,46.0
266,"Jackson County, Illinois",,,20.0
267,"Jersey County, Illinois",42.0,40.0,38.0
268,"Jo Daviess County, Illinois",34.0,34.0,37.0
269,"Kane County, Illinois",40.0,35.0,36.0
270,"La Salle County, Illinois",,,35.0
271,"Lake County, Illinois",40.0,35.0,37.0
272,"Macon County, Illinois",43.0,40.0,46.0
273,"Macoupin County, Illinois",33.0,38.0,37.0
274,"Madison County, Illinois",49.0,44.0,60.0
275,"McHenry County, Illinois",44.0,43.0,41.0
276,"McLean County, Illinois",44.0,37.0,40.0
277,"Peoria County, Illinois",41.0,42.0,51.0
278,"Randolph County, Illinois",40.0,39.0,36.0
279,"Rock Island County, Illinois",42.0,36.0,32.0
280,"Saint Clair County, Illinois",43.0,41.0,44.0
281,"Sangamon County, Illinois",40.0,34.0,37.0
282,"Will County, Illinois",43.0,45.0,38.0
283,"Winnebago County, Illinois",42.0,35.0,36.0
284,"Allen County, Indiana",43.0,43.0,56.0
285,"Boone County, Indiana",35.0,42.0,45.0
286,"Carroll County, Indiana",35.0,43.0,45.0
287,"Clark County, Indiana",41.0,44.0,58.0
288,"Daviess County, Indiana",,,
289,"Delaware County, Indiana",35.0,36.0,45.0
290,"Dubois County, Indiana",33.0,35.0,53.0
291,"Elkhart County, Indiana",37.0,42.0,44.0
292,"Floyd County, Indiana",35.0,44.0,51.0
293,"Gibson County, Indiana",,,49.0
294,"Greene County, Indiana",39.0,41.0,47.0
295,"Hamilton County, Indiana",41.0,37.0,44.0
296,"Hancock County, Indiana",,34.0,45.0
297,"Hendricks County, Indiana",34.0,35.0,41.0
298,"Henry County, Indiana",28.0,28.0,46.0
299,"Howard County, Indiana",40.0,52.0,43.0
300,"Huntington County, Indiana",31.0,31.0,41.0
301,"Jackson County, Indiana",35.0,41.0,45.0
302,"Johnson County, Indiana",,39.0,44.0
303,"Knox County, Indiana",36.0,34.0,42.0
304,"Kosciusko County, Indiana",,,
305,"LaPorte County, Indiana",37.0,40.0,44.0
306,"Lake County, Indiana",44.0,47.0,63.0
307,"Madison County, Indiana",41.0,38.0,47.0
308,"Marion County, Indiana",53.0,51.0,60.0
309,"Morgan County, Indiana",35.0,39.0,40.0
310,"Perry County, Indiana",37.0,43.0,48.0
311,"Porter County, Indiana",40.0,41.0,52.0
312,"Posey County, Indiana",35.0,40.0,43.0
313,"Putnam County, Indiana",,,
314,"Shelby County, Indiana",36.0,39.0,44.0
315,"Spencer County, Indiana",31.0,34.0,52.0
316,"St. Joseph County, Indiana",41.0,45.0,52.0
317,"Tippecanoe County, Indiana",33.0,38.0,52.0
318,"Vanderburgh County, Indiana",41.0,46.0,56.0
319,"Vigo County, Indiana",45.0,44.0,52.0
320,"Wabash County, Indiana",37.0,35.0,38.0
321,"Warrick County, Indiana",36.0,42.0,48.0
322,"Washington County, Indiana",,,43.0
323,"Whitley County, Indiana",33.0,39.0,38.0
324,"Black Hawk County, Iowa",31.0,49.0,41.0
325,"Bremer County, Iowa",37.0,36.0,38.0
326,"Cerro Gordo County, Iowa",15.0,16.0,18.0
327,"Clinton County, Iowa",42.0,49.0,53.0
328,"Delaware County, Iowa",,30.0,15.0
329,"Emmet County, Iowa",,,
330,"Harrison County, Iowa",38.0,40.0,40.0
331,"Johnson County, Iowa",35.0,36.0,51.0
332,"Lee County, Iowa",29.0,33.0,43.0
333,"Linn County, Iowa",39.0,41.0,47.0
334,"Montgomery County, Iowa",37.0,38.0,43.0
335,"Muscatine County, Iowa",32.0,38.0,52.0
336,"Palo Alto County, Iowa",38.0,40.0,42.0
337,"Polk County, Iowa",39.0,36.0,41.0
338,"Pottawattamie County, Iowa",29.0,32.0,29.0
339,"Scott County, Iowa",45.0,56.0,56.0
340,"Story County, Iowa",,36.0,36.0
341,"Van Buren County, Iowa",37.0,40.0,41.0
342,"Warren County, Iowa",,35.0,37.0
343,"Woodbury County, Iowa",28.0,28.0,34.0
344,"Wright County, Iowa",,,
345,"Brown County, Kansas",,,29.0
346,"Chase County, Kansas",20.0,20.0,23.0
347,"Douglas County, Kansas",,,
348,"Ford County, Kansas",15.0,13.0,14.0
349,"Johnson County, Kansas",36.0,35.0,40.0
350,"Leavenworth County, Kansas",33.0,34.0,36.0
351,"Linn County, Kansas",,,38.0
352,"Montgomery County, Kansas",,,
353,"Neosho County, Kansas",40.0,35.0,19.0
354,"Riley County, Kansas",,,38.0
355,"Sedgwick County, Kansas",39.0,40.0,44.0
356,"Shawnee County, Kansas",41.0,36.0,40.0
357,"Sherman County, Kansas",12.0,18.0,19.0
358,"Sumner County, Kansas",39.0,37.0,42.0
359,"Trego County, Kansas",36.0,41.0,42.0
360,"Wyandotte County, Kansas",41.0,45.0,43.0
361,"Bell County, Kentucky",39.0,38.0,47.0
362,"Boone County, Kentucky",39.0,39.0,42.0
363,"Boyd County, Kentucky",39.0,41.0,46.0
364,"Bullitt County, Kentucky",41.0,39.0,49.0
365,"Campbell County, Kentucky",40.0,43.0,47.0
366,"Carter County, Kentucky",36.0,36.0,44.0
367,"Christian County, Kentucky",39.0,41.0,49.0
368,"Daviess County, Kentucky",43.0,43.0,51.0
369,"Edmonson County, Kentucky",41.0,36.0,42.0
370,"Fayette County, Kentucky",42.0,39.0,48.0
371,"Franklin County, Kentucky",,,48.0
372,"Graves County, Kentucky",,,
373,"Greenup County, Kentucky",37.0,38.0,43.0
374,"Hancock County, Kentucky",42.0,41.0,46.0
375,"Hardin County, Kentucky",39.0,44.0,47.0
376,"Harlan County, Kentucky",,,
377,"Henderson County, Kentucky",43.0,42.0,47.0
378,"Jefferson County, Kentucky",49.0,49.0,44.0
379,"Jessamine County, Kentucky",43.0,40.0,46.0
380,"Kenton County, Kentucky",,,43.0
381,"Laurel County, Kentucky",,,
382,"Livingston County, Kentucky",41.0,40.0,43.0
383,"Madison County, Kentucky",,30.0,43.0
384,"Marshall County, Kentucky",,,16.0
385,"McCracken County, Kentucky",44.0,41.0,46.0
386,"McLean County, Kentucky",,,
387,"Morgan County, Kentucky",36.0,37.0,41.0
388,"Oldham County, Kentucky",42.0,39.0,48.0
389,"Perry County, Kentucky",39.0,36.0,40.0
390,"Pike County, Kentucky",36.0,42.0,43.0
391,"Pulaski County, Kentucky",40.0,37.0,43.0
392,"Scott County, Kentucky",,,
393,"Simpson County, Kentucky",40.0,39.0,46.0
394,"Trigg County, Kentucky",37.0,36.0,44.0
395,"Warren County, Kentucky",40.0,38.0,44.0
396,"Washington County, Kentucky",39.0,37.0,41.0
397,"Ascension County, Louisiana",33.0,34.0,36.0
398,"Beauregard County, Louisiana",,,
399,"Bossier County, Louisiana",34.0,41.0,44.0
400,"Caddo County, Louisiana",37.0,38.0,43.0
401,"Calcasieu County, Louisiana",44.0,44.0,46.0
402,"Concordia County, Louisiana",,,
403,"East Baton Rouge County, Louisiana",42.0,50.0,51.0
404,"Grant County, Louisiana",,,
405,"Iberville County, Louisiana",37.0,34.0,43.0
406,"Jefferson County, Louisiana",38.0,40.0,48.0
407,"Lafayette County, Louisiana",41.0,44.0,53.0
408,"Lafourche County, Louisiana",41.0,35.0,42.0
409,"Livingston County, Louisiana",41.0,45.0,43.0
410,"Orleans County, Louisiana",29.0,36.0,41.0
411,"Ouachita County, Louisiana",34.0,32.0,41.0
412,"Plaquemines County, Louisiana",,,
413,"Pointe Coupee County, Louisiana",33.0,32.0,41.0
414,"Rapides County, Louisiana",30.0,27.0,34.0
415,"St. Bernard County, Louisiana",43.0,44.0,53.0
416,"St. Charles County, Louisiana",,,35.0
417,"St. James County, Louisiana",29.0,31.0,37.0
418,"St. John the Baptist County, Louisiana",33.0,33.0,38.0
419,"St. Mary County, Louisiana",,,
420,"Tangipahoa County, Louisiana",30.0,29.0,37.0
421,"Terrebonne County, Louisiana",28.0,26.0,35.0
422,"West Baton Rouge County, Louisiana",39.0,37.0,54.0
423,"Winn County, Louisiana",,,31.0
424,"Androscoggin County, Maine",31.0,36.0,34.0
425,"Aroostook County, Maine",34.0,37.0,33.0
426,"Cumberland County, Maine",39.0,38.0,37.0
427,"Franklin County, Maine",,8.0,
428,"Hancock County, Maine",36.0,37.0,37.0
429,"Kennebec County, Maine",28.0,35.0,36.0
430,"Knox County, Maine",36.0,36.0,40.0
431,"MOBILE MONITORS County, Maine",,,
432,"Oxford County, Maine",30.0,33.0,34.0
433,"Penobscot County, Maine",31.0,37.0,34.0
434,"Sagadahoc County, Maine",,35.0,38.0
435,"Washington County, Maine",34.0,33.0,35.0
436,"York County, Maine",38.0,40.0,36.0
437,"Anne Arundel County, Maryland",45.0,44.0,48.0
438,"Baltimore County, Maryland",43.0,42.0,44.0
439,"Baltimore (City) County, Maryland",42.0,47.0,49.0
440,"Carroll County, Maryland",43.0,43.0,46.0
441,"Cecil County, Maryland",39.0,44.0,44.0
442,"Charles County, Maryland",40.0,44.0,47.0
443,"Dorchester County, Maryland",41.0,42.0,40.0
444,"Frederick County, Maryland",44.0,44.0,49.0
445,"Harford County, Maryland",44.0,43.0,49.0
446,"Kent County, Maryland",40.0,44.0,44.0
447,"Montgomery County, Maryland",39.0,45.0,47.0
448,"Prince George's County, Maryland",43.0,50.0,50.0
449,"Washington County, Maryland",40.0,44.0,49.0
450,"Barnstable County, Massachusetts",36.0,34.0,39.0
451,"Berkshire County, Massachusetts",37.0,34.0,37.0
452,"Bristol County, Massachusetts",40.0,37.0,39.0
453,"Dukes County, Massachusetts",38.0,31.0,40.0
454,"Essex County, Massachusetts",37.0,37.0,40.0
455,"Hampden County, Massachusetts",39.0,39.0,42.0
456,"Hampshire County, Massachusetts",38.0,36.0,38.0
457,"Middlesex County, Massachusetts",37.0,33.0,35.0
458,"Norfolk County, Massachusetts",34.0,37.0,36.0
459,"Plymouth County, Massachusetts",37.0,36.0,30.0
460,"Suffolk County, Massachusetts",38.0,43.0,46.0
461,"Worcester County, Massachusetts",40.0,37.0,43.0
462,"Allegan County, Michigan",38.0,41.0,42.0
463,"Bay County, Michigan",26.0,33.0,25.0
464,"Benzie County, Michigan",36.0,39.0,41.0
465,"Berrien County, Michigan",39.0,42.0,44.0
466,"Cass County, Michigan",39.0,44.0,45.0
467,"Chippewa County, Michigan",32.0,36.0,31.0
468,"Clinton County, Michigan",35.0,39.0,42.0
469,"Genesee County, Michigan",38.0,40.0,43.0
470,"Huron County, Michigan",36.0,39.0,40.0
471,"Ingham County, Michigan",35.0,40.0,40.0
472,"Kalamazoo County, Michigan",38.0,41.0,44.0
473,"Kent County, Michigan",36.0,40.0,36.0
474,"Keweenaw County, Michigan",9.0,13.0,10.0
475,"Leelanau County, Michigan",,,
476,"Lenawee County, Michigan",39.0,42.0,44.0
477,"Macomb County, Michigan",38.0,43.0,44.0
478,"Mason County, Michigan",35.0,39.0,39.0
479,"Missaukee County, Michigan",35.0,37.0,34.0
480,"Monroe County, Michigan",16.0,33.0,35.0
481,"Muskegon County, Michigan",38.0,42.0,41.0
482,"Oakland County, Michigan",38.0,41.0,43.0
483,"Ottawa County, Michigan",35.0,42.0,42.0
484,"Saginaw County, Michigan",,,
485,"Schoolcraft County, Michigan",31.0,31.0,32.0
486,"St. Clair County, Michigan",37.0,40.0,40.0
487,"Tuscola County, Michigan",33.0,34.0,36.0
488,"Washtenaw County, Michigan",39.0,42.0,38.0
489,"Wayne County, Michigan",53.0,52.0,50.0
490,"Wexford County, Michigan",34.0,35.0,35.0
491,"Anoka County, Minnesota",37.0,37.0,45.0
492,"Carlton County, Minnesota",27.0,33.0,18.0
493,"Cass County, Minnesota",13.0,,17.0
494,"Dakota County, Minnesota",28.0,31.0,37.0
495,"Goodhue County, Minnesota",37.0,37.0,38.0
496,"Hennepin County, Minnesota",42.0,45.0,33.0
497,"Kandiyohi County, Minnesota",,,
498,"Lake County, Minnesota",27.0,29.0,27.0
499,"Mille Lacs County, Minnesota",32.0,33.0,33.0
500,"Olmsted County, Minnesota",36.0,36.0,42.0
501,"Ramsey County, Minnesota",30.0,33.0,38.0
502,"Rock County, Minnesota",,22.0,25.0
503,"Saint Louis County, Minnesota",34.0,36.0,38.0
504,"Scott County, Minnesota",36.0,32.0,36.0
505,"Stearns County, Minnesota",32.0,33.0,36.0
506,"Washington County, Minnesota",34.0,40.0,40.0
507,"Winona County, Minnesota",15.0,18.0,23.0
508,"Wright County, Minnesota",34.0,32.0,41.0
509,"Adams County, Mississippi",,,40.0
510,"Bolivar County, Mississippi",43.0,38.0,48.0
511,"DeSoto County, Mississippi",39.0,39.0,46.0
512,"Forrest County, Mississippi",35.0,38.0,48.0
513,"Grenada County, Mississippi",,26.0,39.0
514,"Hancock County, Mississippi",37.0,35.0,42.0
515,"Harrison County, Mississippi",41.0,38.0,47.0
516,"Hinds County, Mississippi",44.0,45.0,46.0
517,"Jackson County, Mississippi",39.0,33.0,38.0
518,"Jones County, Mississippi",,,52.0
519,"Lauderdale County, Mississippi",36.0,32.0,47.0
520,"Lee County, Mississippi",39.0,35.0,47.0
521,"Lowndes County, Mississippi",,,
522,"Madison County, Mississippi",,,
523,"Pearl River County, Mississippi",,,
524,"Rankin County, Mississippi",,,
525,"Scott County, Mississippi",,,
526,"Warren County, Mississippi",,,
527,"Yalobusha County, Mississippi",33.0,33.0,36.0
528,"Boone County, Missouri",38.0,38.0,40.0
529,"Buchanan County, Missouri",33.0,38.0,45.0
530,"Cass County, Missouri",37.0,40.0,45.0
531,"Cedar County, Missouri",39.0,35.0,46.0
532,"Clay County, Missouri",40.0,41.0,45.0
533,"Cooper County, Missouri",,,
534,"Greene County, Missouri",39.0,38.0,42.0
535,"Jackson County, Missouri",38.0,38.0,47.0
536,"Jasper County, Missouri",37.0,35.0,39.0
537,"Jefferson County, Missouri",39.0,46.0,48.0
538,"Maries County, Missouri",,,
539,"Mercer County, Missouri",,,
540,"Monroe County, Missouri",35.0,31.0,41.0
541,"Platte County, Missouri",,,
542,"Saint Charles County, Missouri",42.0,42.0,40.0
543,"Saint Louis County, Missouri",43.0,44.0,51.0
544,"Sainte Genevieve County, Missouri",38.0,39.0,41.0
545,"St. Louis City County, Missouri",47.0,48.0,56.0
546,"Stoddard County, Missouri",23.0,28.0,37.0
547,"Taney County, Missouri",20.0,34.0,41.0
548,"Big Horn County, Montana",,,
549,"Cascade County, Montana",21.0,26.0,29.0
550,"Fergus County, Montana",37.0,36.0,10.0
551,"Flathead County, Montana",37.0,42.0,41.0
552,"Gallatin County, Montana",25.0,22.0,28.0
553,"Glacier County, Montana",,,41.0
554,"Lake County, Montana",8.0,9.0,12.0
555,"Lewis and Clark County, Montana",40.0,41.0,25.0
556,"Lincoln County, Montana",36.0,41.0,40.0
557,"Madison County, Montana",,,
558,"Missoula County, Montana",40.0,49.0,56.0
559,"Musselshell County, Montana",,,
560,"Powell County, Montana",9.0,8.0,10.0
561,"Ravalli County, Montana",14.0,21.0,28.0
562,"Roosevelt County, Montana",10.0,10.0,15.0
563,"Rosebud County, Montana",36.0,38.0,33.0
564,"Sanders County, Montana",25.0,16.0,23.0
565,"Sheridan County, Montana",12.0,12.0,13.0
566,"Silver Bow County, Montana",20.0,30.0,31.0
567,"Sweet Grass County, Montana",,,
568,"Yellowstone County, Montana",23.0,28.0,20.0
569,"Cass County, Nebraska",13.0,24.0,21.0
570,"Dawson County, Nebraska",,18.0,19.0
571,"Douglas County, Nebraska",37.0,42.0,47.0
572,"Garden County, Nebraska",,12.0,14.0
573,"Hall County, Nebraska",19.0,24.0,26.0
574,"Lancaster County, Nebraska",35.0,37.0,29.0
575,"Lincoln County, Nebraska",,,
576,"Sarpy County, Nebraska",29.0,33.0,44.0
577,"Scotts Bluff County, Nebraska",19.0,21.0,43.0
578,"Thomas County, Nebraska",12.0,14.0,16.0
579,"Thurston County, Nebraska",,,
580,"Washington County, Nebraska",25.0,25.0,33.0
581,"Carson City County, Nevada",41.0,43.0,38.0
582,"Clark County, Nevada",54.0,58.0,54.0
583,"Douglas County, Nevada",13.0,30.0,8.0
584,"Elko County, Nevada",14.0,29.0,19.0
585,"Mineral County, Nevada",,,11.0
586,"Nye County, Nevada",15.0,16.0,27.0
587,"Washoe County, Nevada",46.0,49.0,47.0
588,"White Pine County, Nevada",44.0,42.0,45.0
589,"Belknap County, New Hampshire",31.0,32.0,38.0
590,"Cheshire County, New Hampshire",34.0,38.0,37.0
591,"Coos County, New Hampshire",40.0,45.0,44.0
592,"Grafton County, New Hampshire",33.0,35.0,36.0
593,"Hillsborough County, New Hampshire",37.0,38.0,39.0
594,"Merrimack County, New Hampshire",36.0,33.0,38.0
595,"Rockingham County, New Hampshire",37.0,41.0,36.0
596,"Strafford County, New Hampshire",,,
597,"Sullivan County, New Hampshire",,,
598,"Atlantic County, New Jersey",37.0,37.0,41.0
599,"Bergen County, New Jersey",44.0,47.0,38.0
600,"Burlington County, New Jersey",,,
601,"Camden County, New Jersey",44.0,47.0,45.0
602,"Cumberland County, New Jersey",40.0,33.0,41.0
603,"Essex County, New Jersey",41.0,38.0,41.0
604,"Gloucester County, New Jersey",37.0,42.0,40.0
605,"Hudson County, New Jersey",41.0,42.0,45.0
606,"Hunterdon County, New Jersey",39.0,36.0,43.0
607,"Mercer County, New Jersey",41.0,42.0,44.0
608,"Middlesex County, New Jersey",40.0,36.0,41.0
609,"Monmouth County, New Jersey",37.0,41.0,34.0
610,"Morris County, New Jersey",36.0,36.0,38.0
611,"Ocean County, New Jersey",38.0,39.0,43.0
612,"Passaic County, New Jersey",39.0,39.0,40.0
613,"Union County, New Jersey",42.0,44.0,48.0
614,"Warren County, New Jersey",35.0,35.0,31.0
615,"Bernalillo County, New Mexico",51.0,49.0,57.0
616,"Catron County, New Mexico",9.0,10.0,10.0
617,"Chaves County, New Mexico",16.0,17.0,20.0
618,"Dona Ana County, New Mexico",51.0,51.0,54.0
619,"Eddy County, New Mexico",47.0,43.0,38.0
620,"Grant County, New Mexico",,,45.0
621,"Lea County, New Mexico",45.0,40.0,35.0
622,"Lincoln County, New Mexico",10.0,11.0,11.0
623,"Los Alamos County, New Mexico",9.0,10.0,10.0
624,"Luna County, New Mexico",12.0,16.0,39.0
625,"Rio Arriba County, New Mexico",43.0,42.0,9.0
626,"San Juan County, New Mexico",49.0,44.0,45.0
627,"Sandoval County, New Mexico",44.0,41.0,48.0
628,"Santa Fe County, New Mexico",44.0,42.0,44.0
629,"Socorro County, New Mexico",10.0,12.0,11.0
630,"Taos County, New Mexico",15.0,13.0,15.0
631,"Valencia County, New Mexico",44.0,43.0,43.0
632,"Albany County, New York",37.0,37.0,40.0
633,"Bronx County, New York",40.0,46.0,47.0
634,"Broome County, New York",,,
635,"Chautauqua County, New York",38.0,38.0,39.0
636,"Chemung County, New York",,,35.0
637,"Columbia County, New York",,,
638,"Dutchess County, New York",34.0,33.0,34.0
639,"Erie County, New York",38.0,45.0,45.0
640,"Essex County, New York",42.0,39.0,41.0
641,"Franklin County, New York",31.0,26.0,12.0
642,"Hamilton County, New York",35.0,33.0,36.0
643,"Herkimer County, New York",29.0,33.0,36.0
644,"Jefferson County, New York",35.0,32.0,35.0
645,"Kings County, New York",27.0,32.0,37.0
646,"Madison County, New York",,,36.0
647,"Monroe County, New York",36.0,37.0,38.0
648,"Nassau County, New York",22.0,26.0,34.0
649,"New York County, New York",39.0,46.0,51.0
650,"Niagara County, New York",35.0,36.0,40.0
651,"Oneida County, New York",18.0,27.0,33.0
652,"Onondaga County, New York",37.0,35.0,33.0
653,"Orange County, New York",36.0,36.0,40.0
654,"Oswego County, New York",34.0,32.0,34.0
655,"Putnam County, New York",35.0,33.0,36.0
656,"Queens County, New York",40.0,42.0,44.0
657,"Rensselaer County, New York",,,36.0
658,"Richmond County, New York",37.0,43.0,42.0
659,"Saratoga County, New York",33.0,32.0,35.0
660,"Schenectady County, New York",,,31.0
661,"St. Lawrence County, New York",,,
662,"Steuben County, New York",35.0,34.0,35.0
663,"Suffolk County, New York",40.0,41.0,42.0
664,"Tompkins County, New York",35.0,35.0,37.0
665,"Ulster County, New York",,,37.0
666,"Wayne County, New York",35.0,31.0,35.0
667,"Westchester County, New York",36.0,38.0,37.0
668,"Alamance County, North Carolina",,32.0,43.0
669,"Alexander County, North Carolina",39.0,43.0,46.0
670,"Avery County, North Carolina",40.0,40.0,44.0
671,"Buncombe County, North Carolina",38.0,36.0,44.0
672,"Cabarrus County, North Carolina",,,
673,"Caldwell County, North Carolina",42.0,42.0,44.0
674,"Camden County, North Carolina",,,
675,"Carteret County, North Carolina",37.0,37.0,37.0
676,"Caswell County, North Carolina",39.0,40.0,44.0
677,"Catawba County, North Carolina",33.0,39.0,45.0
678,"Chatham County, North Carolina",,38.0,40.0
679,"Cumberland County, North Carolina",41.0,41.0,48.0
680,"Davidson County, North Carolina",35.0,45.0,45.0
681,"Davie County, North Carolina",,,48.0
682,"Duplin County, North Carolina",,26.0,35.0
683,"Durham County, North Carolina",42.0,41.0,45.0
684,"Edgecombe County, North Carolina",36.0,36.0,46.0
685,"Forsyth County, North Carolina",45.0,43.0,52.0
686,"Franklin County, North Carolina",,43.0,44.0
687,"Gaston County, North Carolina",,29.0,44.0
688,"Graham County, North Carolina",44.0,43.0,48.0
689,"Granville County, North Carolina",44.0,44.0,48.0
690,"Guilford County, North Carolina",42.0,41.0,48.0
691,"Haywood County, North Carolina",45.0,44.0,49.0
692,"Henderson County, North Carolina",,,
693,"Hyde County, North Carolina",18.0,21.0,24.0
694,"Jackson County, North Carolina",26.0,43.0,49.0
695,"Johnston County, North Carolina",40.0,39.0,46.0
696,"Lenoir County, North Carolina",42.0,41.0,44.0
697,"Lincoln County, North Carolina",44.0,44.0,46.0
698,"Macon County, North Carolina",33.0,32.0,36.0
699,"Martin County, North Carolina",40.0,39.0,42.0
700,"McDowell County, North Carolina",,31.0,40.0
701,"Mecklenburg County, North Carolina",45.0,44.0,54.0
702,"Mitchell County, North Carolina",22.0,29.0,40.0
703,"Montgomery County, North Carolina",39.0,40.0,41.0
704,"Nash County, North Carolina",,,
705,"New Hanover County, North Carolina",34.0,33.0,38.0
706,"Northampton County, North Carolina",32.0,,
707,"Onslow County, North Carolina",,,
708,"Orange County, North Carolina",,,
709,"Pasquotank County, North Carolina",,,
710,"Person County, North Carolina",44.0,42.0,48.0
711,"Pitt County, North Carolina",38.0,39.0,44.0
712,"Randolph County, North Carolina",,,
713,"Robeson County, North Carolina",,,41.0
714,"Rockingham County, North Carolina",44.0,44.0,49.0
715,"Rowan County, North Carolina",43.0,45.0,51.0
716,"Swain County, North Carolina",37.0,36.0,43.0
717,"Union County, North Carolina",45.0,44.0,45.0
718,"Wake County, North Carolina",46.0,45.0,50.0
719,"Watauga County, North Carolina",,23.0,35.0
720,"Wayne County, North Carolina",,43.0,43.0
721,"Yancey County, North Carolina",45.0,45.0,48.0
722,"Billings County, North Dakota",33.0,35.0,37.0
723,"Burke County, North Dakota",32.0,35.0,37.0
724,"Burleigh County, North Dakota",31.0,34.0,38.0
725,"Cass County, North Dakota",33.0,38.0,39.0
726,"Dunn County, North Dakota",34.0,36.0,41.0
727,"McKenzie County, North Dakota",34.0,35.0,38.0
728,"McLean County, North Dakota",,,
729,"Mercer County, North Dakota",35.0,34.0,38.0
730,"Oliver County, North Dakota",34.0,35.0,37.0
731,"Allen County, Ohio",41.0,34.0,45.0
732,"Ashtabula County, Ohio",39.0,41.0,44.0
733,"Athens County, Ohio",25.0,28.0,31.0
734,"Belmont County, Ohio",15.0,16.0,
735,"Butler County, Ohio",43.0,41.0,48.0
736,"Clark County, Ohio",45.0,44.0,52.0
737,"Clermont County, Ohio",40.0,44.0,53.0
738,"Clinton County, Ohio",43.0,41.0,49.0
739,"Columbiana County, Ohio",12.0,18.0,23.0
740,"Crawford County, Ohio",,,41.0
741,"Cuyahoga County, Ohio",50.0,44.0,61.0
742,"Delaware County, Ohio",41.0,39.0,44.0
743,"Fayette County, Ohio",38.0,37.0,40.0
744,"Franklin County, Ohio",46.0,44.0,51.0
745,"Gallia County, Ohio",,,
746,"Geauga County, Ohio",42.0,44.0,46.0
747,"Greene County, Ohio",41.0,42.0,51.0
748,"Hamilton County, Ohio",52.0,50.0,67.0
749,"Hancock County, Ohio",,,22.0
750,"Jefferson County, Ohio",45.0,52.0,52.0
751,"Knox County, Ohio",41.0,40.0,42.0
752,"Lake County, Ohio",37.0,43.0,45.0
753,"Lawrence County, Ohio",39.0,41.0,56.0
754,"Licking County, Ohio",41.0,42.0,46.0
755,"Lorain County, Ohio",38.0,34.0,49.0
756,"Lucas County, Ohio",40.0,41.0,46.0
757,"Madison County, Ohio",42.0,42.0,47.0
758,"Mahoning County, Ohio",39.0,42.0,48.0
759,"Medina County, Ohio",38.0,46.0,44.0
760,"Miami County, Ohio",40.0,42.0,44.0
761,"Monroe County, Ohio",,,
762,"Montgomery County, Ohio",45.0,43.0,54.0
763,"Noble County, Ohio",37.0,37.0,42.0
764,"Portage County, Ohio",37.0,36.0,40.0
765,"Preble County, Ohio",43.0,40.0,51.0
766,"Scioto County, Ohio",13.0,16.0,23.0
767,"Seneca County, Ohio",,,
768,"Stark County, Ohio",46.0,40.0,56.0
769,"Summit County, Ohio",42.0,52.0,58.0
770,"Trumbull County, Ohio",40.0,40.0,47.0
771,"Warren County, Ohio",43.0,42.0,55.0
772,"Washington County, Ohio",41.0,40.0,46.0
773,"Wood County, Ohio",38.0,41.0,44.0
774,"Wyandot County, Ohio",,,
775,"Adair County, Oklahoma",37.0,40.0,55.0
776,"Caddo County, Oklahoma",,31.0,40.0
777,"Canadian County, Oklahoma",37.0,37.0,37.0
778,"Carter County, Oklahoma",43.0,,29.0
779,"Cherokee County, Oklahoma",,37.0,40.0
780,"Cleveland County, Oklahoma",45.0,41.0,45.0
781,"Comanche County, Oklahoma",43.0,40.0,45.0
782,"Cotton County, Oklahoma",,39.0,
783,"Creek County, Oklahoma",36.0,36.0,38.0
784,"Custer County, Oklahoma",14.0,15.0,
785,"Dewey County, Oklahoma",42.0,40.0,42.0
786,"Ellis County, Oklahoma",,23.0,20.0
787,"Garfield County, Oklahoma",,,
788,"Johnston County, Oklahoma",40.0,41.0,
789,"Kay County, Oklahoma",40.0,43.0,43.0
790,"Lincoln County, Oklahoma",,39.0,33.0
791,"Mayes County, Oklahoma",35.0,38.0,42.0
792,"McClain County, Oklahoma",,36.0,37.0
793,"Muskogee County, Oklahoma",18.0,19.0,32.0
794,"Oklahoma County, Oklahoma",46.0,42.0,48.0
795,"Ottawa County, Oklahoma",38.0,40.0,44.0
796,"Pawnee County, Oklahoma",,,
797,"Payne County, Oklahoma",,,
798,"Pittsburg County, Oklahoma",43.0,38.0,45.0
799,"Seminole County, Oklahoma",,,
800,"Tulsa County, Oklahoma",44.0,45.0,54.0
801,"Clackamas County, Oregon",30.0,32.0,26.0
802,"Columbia County, Oregon",24.0,30.0,24.0
803,"Deschutes County, Oregon",20.0,33.0,30.0
804,"Harney County, Oregon",33.0,26.0,25.0
805,"Jackson County, Oregon",36.0,43.0,36.0
806,"Josephine County, Oregon",26.0,28.0,22.0
807,"Klamath County, Oregon",29.0,32.0,26.0
808,"Lake County, Oregon",19.0,21.0,21.0
809,"Lane County, Oregon",38.0,40.0,38.0
810,"Linn County, Oregon",28.0,23.0,26.0
811,"Marion County, Oregon",32.0,33.0,27.0
812,"Multnomah County, Oregon",34.0,35.0,32.0
813,"Umatilla County, Oregon",37.0,38.0,37.0
814,"Union County, Oregon",20.0,29.0,25.0
815,"Wallowa County, Oregon",22.0,19.0,20.0
816,"Wasco County, Oregon",23.0,20.0,19.0
817,"Washington County, Oregon",32.0,36.0,30.0
818,"Adams County, Pennsylvania",42.0,44.0,49.0
819,"Allegheny County, Pennsylvania",54.0,53.0,65.0
820,"Armstrong County, Pennsylvania",37.0,46.0,51.0
821,"Beaver County, Pennsylvania",45.0,46.0,49.0
822,"Berks County, Pennsylvania",42.0,47.0,45.0
823,"Blair County, Pennsylvania",41.0,44.0,33.0
824,"Bucks County, Pennsylvania",35.0,46.0,47.0
825,"Cambria County, Pennsylvania",39.0,47.0,52.0
826,"Centre County, Pennsylvania",44.0,42.0,45.0
827,"Chester County, Pennsylvania",43.0,48.0,52.0
828,"Clearfield County, Pennsylvania",33.0,38.0,45.0
829,"Cumberland County, Pennsylvania",38.0,45.0,54.0
830,"Dauphin County, Pennsylvania",41.0,50.0,47.0
831,"Delaware County, Pennsylvania",44.0,48.0,51.0
832,"Elk County, Pennsylvania",35.0,36.0,37.0
833,"Erie County, Pennsylvania",36.0,40.0,42.0
834,"Franklin County, Pennsylvania",36.0,34.0,45.0
835,"Greene County, Pennsylvania",35.0,37.0,45.0
836,"Lackawanna County, Pennsylvania",37.0,43.0,40.0
837,"Lancaster County, Pennsylvania",45.0,50.0,48.0
838,"Lawrence County, Pennsylvania",31.0,33.0,33.0
839,"Lehigh County, Pennsylvania",38.0,34.0,31.0
840,"Luzerne County, Pennsylvania",34.0,34.0,29.0
841,"Lycoming County, Pennsylvania",35.0,34.0,40.0
842,"Mercer County, Pennsylvania",41.0,45.0,47.0
843,"Montgomery County, Pennsylvania",35.0,42.0,45.0
844,"Northampton County, Pennsylvania",40.0,50.0,52.0
845,"Perry County, Pennsylvania",,,30.0
846,"Philadelphia County, Pennsylvania",44.0,51.0,52.0
847,"Schuylkill County, Pennsylvania",,,
848,"Somerset County, Pennsylvania",36.0,34.0,37.0
849,"Tioga County, Pennsylvania",36.0,40.0,44.0
850,"Washington County, Pennsylvania",44.0,50.0,54.0
851,"Westmoreland County, Pennsylvania",38.0,44.0,52.0
852,"York County, Pennsylvania",41.0,48.0,50.0
853,"Barceloneta County, Puerto Rico",,,
854,"Bayamon County, Puerto Rico",18.0,18.0,9.0
855,"Carolina County, Puerto Rico",,,
856,"Catano County, Puerto Rico",34.0,19.0,23.0
857,"Fajardo County, Puerto Rico",22.0,22.0,19.0
858,"Guayama County, Puerto Rico",29.0,20.0,18.0
859,"Guayanilla County, Puerto Rico",,20.0,
860,"Guaynabo County, Puerto Rico",20.0,25.0,25.0
861,"Humacao County, Puerto Rico",,,
862,"Lares County, Puerto Rico",,,
863,"Manati County, Puerto Rico",,,
864,"Mayagnez County, Puerto Rico",25.0,,
865,"Ponce County, Puerto Rico",35.0,23.0,24.0
866,"Rio Grande County, Puerto Rico",,,
867,"San Juan County, Puerto Rico",14.0,13.0,17.0
868,"Vieques County, Puerto Rico",,,
869,"Kent County, Rhode Island",32.0,37.0,35.0
870,"Providence County, Rhode Island",43.0,44.0,40.0
871,"Washington County, Rhode Island",36.0,38.0,43.0
872,"Abbeville County, South Carolina",,32.0,41.0
873,"Aiken County, South Carolina",37.0,38.0,39.0
874,"Anderson County, South Carolina",42.0,38.0,41.0
875,"Barnwell County, South Carolina",,,
876,"Beaufort County, South Carolina",,,
877,"Berkeley County, South Carolina",31.0,33.0,35.0
878,"Charleston County, South Carolina",33.0,35.0,44.0
879,"Cherokee County, South Carolina",,37.0,40.0
880,"Chester County, South Carolina",,,
881,"Chesterfield County, South Carolina",31.0,40.0,42.0
882,"Colleton County, South Carolina",20.0,33.0,36.0
883,"Darlington County, South Carolina",38.0,40.0,41.0
884,"Edgefield County, South Carolina",35.0,34.0,39.0
885,"Florence County, South Carolina",30.0,37.0,43.0
886,"Georgetown County, South Carolina",14.0,15.0,22.0
887,"Greenville County, South Carolina",37.0,44.0,51.0
888,"Greenwood County, South Carolina",,,
889,"Horry County, South Carolina",35.0,,41.0
890,"Lexington County, South Carolina",33.0,35.0,46.0
891,"Oconee County, South Carolina",31.0,37.0,40.0
892,"Orangeburg County, South Carolina",,,
893,"Pickens County, South Carolina",44.0,39.0,41.0
894,"Richland County, South Carolina",34.0,40.0,47.0
895,"Spartanburg County, South Carolina",37.0,42.0,51.0
896,"Union County, South Carolina",,,
897,"Williamsburg County, South Carolina",,,
898,"York County, South Carolina",42.0,33.0,35.0
899,"Brookings County, South Dakota",42.0,36.0,37.0
900,"Brown County, South Dakota",20.0,24.0,30.0
901,"Codington County, South Dakota",25.0,27.0,21.0
902,"Custer County, South Dakota",39.0,39.0,40.0
903,"Jackson County, South Dakota",38.0,38.0,37.0
904,"Meade County, South Dakota",36.0,38.0,37.0
905,"Minnehaha County, South Dakota",36.0,38.0,41.0
906,"Pennington County, South Dakota",30.0,40.0,28.0
907,"Anderson County, Tennessee",44.0,39.0,44.0
908,"Blount County, Tennessee",41.0,40.0,47.0
909,"Bradley County, Tennessee",,,16.0
910,"Claiborne County, Tennessee",35.0,35.0,37.0
911,"Davidson County, Tennessee",45.0,45.0,50.0
912,"DeKalb County, Tennessee",37.0,35.0,38.0
913,"Dyer County, Tennessee",26.0,31.0,
914,"Hamilton County, Tennessee",45.0,41.0,49.0
915,"Haywood County, Tennessee",,,
916,"Humphreys County, Tennessee",,,
917,"Jefferson County, Tennessee",44.0,44.0,46.0
918,"Knox County, Tennessee",42.0,43.0,44.0
919,"Lawrence County, Tennessee",27.0,30.0,46.0
920,"Loudon County, Tennessee",37.0,40.0,45.0
921,"Madison County, Tennessee",27.0,32.0,15.0
922,"Maury County, Tennessee",23.0,29.0,
923,"McMinn County, Tennessee",30.0,32.0,18.0
924,"Meigs County, Tennessee",,,46.0
925,"Montgomery County, Tennessee",26.0,33.0,48.0
926,"Obion County, Tennessee",,,
927,"Putnam County, Tennessee",25.0,28.0,
928,"Roane County, Tennessee",28.0,39.0,51.0
929,"Rutherford County, Tennessee",,,45.0
930,"Sevier County, Tennessee",44.0,43.0,50.0
931,"Shelby County, Tennessee",44.0,42.0,53.0
932,"Sullivan County, Tennessee",41.0,38.0,40.0
933,"Sumner County, Tennessee",40.0,40.0,49.0
934,"Union County, Tennessee",,19.0,23.0
935,"Williamson County, Tennessee",42.0,36.0,45.0
936,"Wilson County, Tennessee",40.0,38.0,46.0
937,"Bexar County, Texas",49.0,46.0,44.0
938,"Bowie County, Texas",39.0,38.0,48.0
939,"Brazoria County, Texas",33.0,33.0,36.0
940,"Brewster County, Texas",40.0,41.0,44.0
941,"Caldwell County, Texas",,,
942,"Cameron County, Texas",44.0,42.0,42.0
943,"Collin County, Texas",40.0,36.0,38.0
944,"Culberson County, Texas",34.0,15.0,14.0
945,"Dallas County, Texas",45.0,44.0,48.0
946,"Denton County, Texas",43.0,43.0,44.0
947,"Ector County, Texas",28.0,30.0,31.0
948,"El Paso County, Texas",53.0,50.0,54.0
949,"Ellis County, Texas",40.0,40.0,43.0
950,"Galveston County, Texas",39.0,39.0,39.0
951,"Gregg County, Texas",35.0,33.0,37.0
952,"Harris County, Texas",51.0,53.0,55.0
953,"Harrison County, Texas",38.0,37.0,44.0
954,"Hays County, Texas",,,34.0
955,"Hidalgo County, Texas",42.0,39.0,40.0
956,"Hood County, Texas",35.0,34.0,35.0
957,"Hunt County, Texas",35.0,33.0,36.0
958,"Jeff Davis County, Texas",,,16.0
959,"Jefferson County, Texas",43.0,42.0,48.0
960,"Johnson County, Texas",38.0,35.0,36.0
961,"Kaufman County, Texas",39.0,37.0,42.0
962,"Kleberg County, Texas",30.0,33.0,35.0
963,"Lubbock County, Texas",25.0,,26.0
964,"McLennan County, Texas",38.0,38.0,38.0
965,"Montgomery County, Texas",38.0,42.0,45.0
966,"Nueces County, Texas",42.0,41.0,42.0
967,"Orange County, Texas",38.0,37.0,44.0
968,"Parker County, Texas",37.0,37.0,38.0
969,"Potter County, Texas",19.0,22.0,23.0
970,"Rockwall County, Texas",34.0,36.0,37.0
971,"Smith County, Texas",36.0,33.0,38.0
972,"Tarrant County, Texas",44.0,43.0,47.0
973,"Travis County, Texas",44.0,44.0,42.0
974,"Victoria County, Texas",31.0,32.0,32.0
975,"Webb County, Texas",41.0,39.0,40.0
976,"Box Elder County, Utah",40.0,45.0,45.0
977,"Cache County, Utah",44.0,40.0,49.0
978,"Davis County, Utah",44.0,38.0,40.0
979,"Duchesne County, Utah",48.0,44.0,
980,"Garfield County, Utah",41.0,42.0,8.0
981,"Grand County, Utah",,,
982,"Salt Lake County, Utah",51.0,51.0,49.0
983,"San Juan County, Utah",44.0,43.0,47.0
984,"Tooele County, Utah",43.0,29.0,47.0
985,"Uintah County, Utah",49.0,46.0,54.0
986,"Utah County, Utah",46.0,46.0,49.0
987,"Washington County, Utah",44.0,43.0,48.0
988,"Wayne County, Utah",9.0,8.0,9.0
989,"Weber County, Utah",42.0,46.0,49.0
990,"Addison County, Vermont",,,
991,"Bennington County, Vermont",35.0,37.0,36.0
992,"Chittenden County, Vermont",37.0,36.0,37.0
993,"Rutland County, Vermont",36.0,30.0,30.0
994,"Windham County, Vermont",8.0,13.0,
995,"St Croix County, Virgin Islands",20.0,51.0,52.0
996,"St John County, Virgin Islands",15.0,24.0,20.0
997,"St Thomas County, Virgin Islands",28.0,,
998,"Alexandria City County, Virginia",5.0,23.0,42.0
999,"Arlington County, Virginia",38.0,38.0,42.0
1000,"Bristol City County, Virginia",26.0,30.0,45.0
1001,"Caroline County, Virginia",39.0,40.0,46.0
1002,"Carroll County, Virginia",9.0,10.0,13.0
1003,"Charles County, Virginia",34.0,32.0,40.0
1004,"Charlottesville City County, Virginia",,,
1005,"Chesapeake City County, Virginia",,,
1006,"Chesterfield County, Virginia",39.0,39.0,45.0
1007,"Culpeper County, Virginia",,,14.0
1008,"Fairfax County, Virginia",44.0,40.0,45.0
1009,"Fauquier County, Virginia",37.0,36.0,43.0
1010,"Frederick County, Virginia",38.0,39.0,44.0
1011,"Fredericksburg City County, Virginia",,11.0,15.0
1012,"Giles County, Virginia",40.0,39.0,43.0
1013,"Hampton City County, Virginia",39.0,37.0,44.0
1014,"Hanover County, Virginia",41.0,40.0,49.0
1015,"Henrico County, Virginia",37.0,39.0,45.0
1016,"King William County, Virginia",,12.0,13.0
1017,"Loudoun County, Virginia",37.0,36.0,41.0
1018,"Lynchburg City County, Virginia",26.0,30.0,36.0
1019,"Madison County, Virginia",41.0,43.0,43.0
1020,"Newport News City County, Virginia",,,18.0
1021,"Norfolk City County, Virginia",18.0,20.0,39.0
1022,"Northumberland County, Virginia",,,
1023,"Page County, Virginia",,42.0,46.0
1024,"Prince Edward County, Virginia",35.0,34.0,39.0
1025,"Prince William County, Virginia",36.0,30.0,31.0
1026,"Richmond City County, Virginia",33.0,39.0,22.0
1027,"Roanoke County, Virginia",37.0,38.0,37.0
1028,"Roanoke City County, Virginia",,,39.0
1029,"Rockbridge County, Virginia",38.0,37.0,44.0
1030,"Rockingham County, Virginia",36.0,36.0,41.0
1031,"Salem City County, Virginia",26.0,32.0,41.0
1032,"Stafford County, Virginia",39.0,40.0,46.0
1033,"Suffolk City County, Virginia",41.0,40.0,47.0
1034,"Virginia Beach City County, Virginia",25.0,30.0,36.0
1035,"Warren County, Virginia",,,15.0
1036,"Winchester City County, Virginia",8.0,11.0,14.0
1037,"Wythe County, Virginia",41.0,38.0,44.0
1038,"Adams County, Washington",13.0,20.0,18.0
1039,"Asotin County, Washington",27.0,27.0,25.0
1040,"Benton County, Washington",37.0,30.0,20.0
1041,"Chelan County, Washington",24.0,25.0,22.0
1042,"Clallam County, Washington",34.0,38.0,36.0
1043,"Clark County, Washington",31.0,33.0,28.0
1044,"Columbia County, Washington",17.0,14.0,18.0
1045,"Cowlitz County, Washington",18.0,20.0,16.0
1046,"Franklin County, Washington",16.0,20.0,20.0
1047,"Grant County, Washington",18.0,23.0,20.0
1048,"Grays Harbor County, Washington",20.0,22.0,16.0
1049,"Jefferson County, Washington",19.0,20.0,18.0
1050,"King County, Washington",40.0,45.0,36.0
1051,"Kitsap County, Washington",18.0,18.0,18.0
1052,"Kittitas County, Washington",23.0,21.0,20.0
1053,"Klickitat County, Washington",20.0,16.0,17.0
1054,"Lewis County, Washington",20.0,23.0,19.0
1055,"Mason County, Washington",21.0,22.0,21.0
1056,"Okanogan County, Washington",31.0,41.0,28.0
1057,"Pierce County, Washington",41.0,41.0,40.0
1058,"Skagit County, Washington",24.0,35.0,29.0
1059,"Skamania County, Washington",,,
1060,"Snohomish County, Washington",30.0,28.0,27.0
1061,"Spokane County, Washington",37.0,42.0,38.0
1062,"Stevens County, Washington",28.0,28.0,31.0
1063,"Thurston County, Washington",30.0,31.0,25.0
1064,"Walla Walla County, Washington",21.0,19.0,23.0
1065,"Whatcom County, Washington",26.0,30.0,27.0
1066,"Whitman County, Washington",18.0,20.0,18.0
1067,"Yakima County, Washington",38.0,36.0,25.0
1068,"Berkeley County, West Virginia",40.0,44.0,48.0
1069,"Brooke County, West Virginia",19.0,17.0,20.0
1070,"Cabell County, West Virginia",39.0,42.0,47.0
1071,"Gilmer County, West Virginia",32.0,31.0,32.0
1072,"Greenbrier County, West Virginia",42.0,38.0,44.0
1073,"Hancock County, West Virginia",40.0,33.0,41.0
1074,"Harrison County, West Virginia",31.0,35.0,49.0
1075,"Kanawha County, West Virginia",40.0,33.0,41.0
1076,"Marion County, West Virginia",31.0,37.0,52.0
1077,"Marshall County, West Virginia",34.0,39.0,53.0
1078,"Mercer County, West Virginia",,,
1079,"Monongalia County, West Virginia",40.0,41.0,47.0
1080,"Ohio County, West Virginia",41.0,43.0,49.0
1081,"Raleigh County, West Virginia",,24.0,41.0
1082,"Summers County, West Virginia",,,
1083,"Tucker County, West Virginia",35.0,36.0,38.0
1084,"Wayne County, West Virginia",,,
1085,"Wood County, West Virginia",39.0,42.0,48.0
1086,"Ashland County, Wisconsin",34.0,33.0,34.0
1087,"Brown County, Wisconsin",35.0,38.0,40.0
1088,"Columbia County, Wisconsin",37.0,40.0,40.0
1089,"Dane County, Wisconsin",38.0,40.0,48.0
1090,"Dodge County, Wisconsin",40.0,38.0,42.0
1091,"Door County, Wisconsin",35.0,39.0,37.0
1092,"Douglas County, Wisconsin",,,
1093,"Eau Claire County, Wisconsin",34.0,33.0,30.0
1094,"Florence County, Wisconsin",,,34.0
1095,"Fond du Lac County, Wisconsin",36.0,40.0,39.0
1096,"Forest County, Wisconsin",35.0,34.0,36.0
1097,"Grant County, Wisconsin",29.0,29.0,37.0
1098,"Green County, Wisconsin",,,
1099,"Jefferson County, Wisconsin",37.0,40.0,41.0
1100,"Kenosha County, Wisconsin",40.0,41.0,44.0
1101,"Kewaunee County, Wisconsin",36.0,40.0,39.0
1102,"Manitowoc County, Wisconsin",36.0,38.0,36.0
1103,"Marathon County, Wisconsin",34.0,36.0,38.0
1104,"Milwaukee County, Wisconsin",42.0,41.0,43.0
1105,"Oneida County, Wisconsin",,,36.0
1106,"Outagamie County, Wisconsin",36.0,38.0,38.0
1107,"Ozaukee County, Wisconsin",37.0,36.0,40.0
1108,"Racine County, Wisconsin",39.0,39.0,42.0
1109,"Rock County, Wisconsin",38.0,41.0,41.0
1110,"Sauk County, Wisconsin",35.0,36.0,38.0
1111,"Sheboygan County, Wisconsin",38.0,40.0,41.0
1112,"St. Croix County, Wisconsin",,,40.0
1113,"Taylor County, Wisconsin",35.0,34.0,36.0
1114,"Vernon County, Wisconsin",,,39.0
1115,"Vilas County, Wisconsin",29.0,33.0,36.0
1116,"Walworth County, Wisconsin",37.0,40.0,41.0
1117,"Washington County, Wisconsin",,,39.0
1118,"Waukesha County, Wisconsin",40.0,40.0,39.0
1119,"Winnebago County, Wisconsin",,,
1120,"Wood County, Wisconsin",,,
1121,"Albany County, Wyoming",47.0,45.0,48.0
1122,"Campbell County, Wyoming",40.0,44.0,45.0
1123,"Carbon County, Wyoming",43.0,42.0,45.0
1124,"Converse County, Wyoming",41.0,43.0,23.0
1125,"Fremont County, Wyoming",45.0,45.0,48.0
1126,"Johnson County, Wyoming",40.0,6.0,6.0
1127,"Laramie County, Wyoming",43.0,42.0,19.0
1128,"Lincoln County, Wyoming",12.0,13.0,17.0
1129,"Natrona County, Wyoming",42.0,41.0,17.0
1130,"Park County, Wyoming",38.0,15.0,16.0
1131,"Platte County, Wyoming",14.0,14.0,12.0
1132,"Sheridan County, Wyoming",39.0,38.0,21.0
1133,"Sublette County, Wyoming",46.0,44.0,47.0
1134,"Sweetwater County, Wyoming",46.0,44.0,45.0
1135,"Teton County, Wyoming",43.0,42.0,44.0
